Date,Author,Verified,Helpful,Title,Body,Rating,Images,Videos,URL,Variation,Style
"Reviewed in the United States on January 17, 2021",Amazon Customer,yes,yes,SUCKS,"So I bought this cream after searching several numbing creams and came across this one and read reviews of how people have used this specific one for tattoos , piercings, etc. I purchased it, in hopes of using it to numb me so I can get nipple piercings. I tried it a day before just to test it out. I applied a generous amount two times within 1 hour and never was numbed.The following day ( day i was ready to get pierced) i tried the product again just to be sure if it worked or not, it still did not work to numb. My friend also tried it on herself and it did not work for her either. So im not sure why it worked for others and we did not get that same experience, but this was a waste of purchase, and time. #VeryUnhappy. #NotSatisfied #SomeoneLied.",1,-,-,https://www.amazon.com/gp/customer-reviews/RGHRNDAY2CX4M/ref=cm_cr_getr_d_rvw_ttl?ie=UTF8&ASIN=B082WYC6JP,B082WYC6JP,Size: 4 Fl Oz (Pack of 1)
"Reviewed in the United States on July 13, 2021",RJ,yes,yes,False advertisement. Scam. I highly don't recommend. Read full comment,"This doesnt work very well at all. Followed the directions but no numbing. Not until you actually tattoo and then apply to the area, does it do any numbing. Was definitely let down by this because its not worth the price. I do NOT recommend. Also the directions they explain on here isn't the same as on the tube. Does NOT numb the area prior to doing a tattoo. Im just thankful i took precautions and tried it on myself before anyone else. I would have had some not too pleased customer just as im not too pleased.Update: They continued to email me asking me to take down my review and credit me half of what I paid... Said if I gave a 5 star and good review, they'd then credit me for the full price. ~BEWARE OF THIS SCAM~ Im not changing my review. This went back and forth a while. So i said I didnt want the money back and that this review will stay. Asked me to lie to get my money back... Thats bad business. PERIOD",1,-,-,https://www.amazon.com/gp/customer-reviews/R1MIS5GBMF10ZC/ref=cm_cr_getr_d_rvw_ttl?ie=UTF8&ASIN=B082WYC6JP,B082WYC6JP,Size: 4 Fl Oz (Pack of 1)
"Reviewed in the United States on August 11, 2021",Amazon Customer,yes,yes,Doesn‚Äôt work,"Used this on my chest before being waxed. It doesn‚Äôt do anything for me at all. I put a ton of this stuff on my body, numerous times leading up to the appointment. I wrapped in plastic film. Nothing I could do made it work for me.Edit: This company has been borderline harassing and threatening in their attempt to get me to remove this negative review so I came back here to it to reiterate how awful this stuff is, and whoever is running their account can see I am clearly not budging on my position and I cannot be bought with gift cards.",3,-,-,https://www.amazon.com/gp/customer-reviews/ROC3M5PYMCBU9/ref=cm_cr_getr_d_rvw_ttl?ie=UTF8&ASIN=B082WYC6JP,B082WYC6JP,Size: 4 Fl Oz (Pack of 1)
"Reviewed in the United States on July 5, 2021",MakesArt,yes,yes,Unbelievably INEFFECTIVE. Does it actually contain any Lidocaine?,"Did NOTHING!I receive subcutaneous treatments that involve four or five subcu needles every week, and have done so for a few years. I've used several different lidocaine cream brands, including prescription as well as over the counter creams like aspercreme, which have 4% lidocaine instead of the 5% this is supposed to have. This Base Labs supposed 5% lidocaine cream is the first one I have ever used that does ABSOLUTELY NOTHING. I was really quite surprised at how completely ineffective it is. I feel like it should have a friend over at UCSD chemistry labs running analysis because I don't see how it could contain any lidocaine at all.",1,-,-,https://www.amazon.com/gp/customer-reviews/R1C3U8MZS3QW6D/ref=cm_cr_getr_d_rvw_ttl?ie=UTF8&ASIN=B082WYC6JP,B082WYC6JP,Size: 4 Fl Oz (Pack of 1)
"Reviewed in the United States on December 28, 2022",roadrunner,yes,yes,takes a while to start working,I was surprised at how long this took to start working....several minutes. It did eventually work. Perhaps it is not absorbed quickly into the skin. I would not buy again.,3,-,-,https://www.amazon.com/gp/customer-reviews/RBVBINR29T3U2/ref=cm_cr_getr_d_rvw_ttl?ie=UTF8&ASIN=B082WYC6JP,B082WYC6JP,Size: 4 Fl Oz (Pack of 1)
"Reviewed in the United States on May 10, 2021",windycindy,yes,yes,Worthless: Just Bite Your Tongue Instead and Pray.,"this product is as ""worthless as tits on a bull,"" a dear friend of mine would say about this product. DO NOT BUY IT IF YOU EXPECT ANY RELIEF FROM YOUR PAIN! I have very real, chronic pain. My pain compromises my ability to work and complete projects. I expect some relief from any lotion or cream touting 5% lidocaine. i have used prescription 4% Lidocaine patches and know that they are very effective. This product should have been more effective than my prescription patches with 1% more Lidocaine. It did ABSOLUTELY NOTHING for me. I smeared it on my back quite heavily and it just lay there like it was hoping for a free lunch at the Waldorf, which never came..",1,-,-,https://www.amazon.com/gp/customer-reviews/RZDK65MSXYABS/ref=cm_cr_getr_d_rvw_ttl?ie=UTF8&ASIN=B082WYC6JP,B082WYC6JP,Size: 4 Fl Oz (Pack of 1)
"Reviewed in the United States on July 30, 2020",Johnny D,yes,yes,Not worth it,This product was not at all what the excellent reviews stated. The tube was opened in the box it came in with no safety seal on the cap or anything to show that this may or may not have been tampered with. There was no texture to the lotion. It was like white water. I still tried a bit of it for a couple days and it did absolutely nothing. Threw it away.,1,-,-,https://www.amazon.com/gp/customer-reviews/R2JRKK3FRXA2AB/ref=cm_cr_getr_d_rvw_ttl?ie=UTF8&ASIN=B082WYC6JP,-,-
"Reviewed in the United States on April 18, 2022",Soccergurl37Soccergurl37,yes,yes,Already disappointed,Have not tried it yet but one of the main reasons I got it was because it said it had clove oil in it as well which I know from experience is GREAT at naturally numbing something. I just received it and I haven‚Äôt even opened it and the first thing I noticed is that it does NOT have clove oil in it. Very upset from that alone. I will update once I have tried it. I am getting a large hip/thigh tattoo in 2 days and am planning on using it for that.,1,"https://m.media-amazon.com/images/I/61Fm79EtUZL.jpg , https://m.media-amazon.com/images/I/61PqoR9SdiL.jpg , https://m.media-amazon.com/images/I/71aM-bUBkpL.jpg , https://m.media-amazon.com/images/I/71cZThHE+VL.jpg",-,https://www.amazon.com/gp/customer-reviews/RBPPBBTCXONTQ/ref=cm_cr_getr_d_rvw_ttl?ie=UTF8&ASIN=B082WYC6JP,B082WYC6JP,Size: 4 Fl Oz (Pack of 1)
"Reviewed in the United States on April 6, 2021",Jamie,yes,yes,Waste of money,"Did ABSOLUTELY NOTHING for my knee pain OR tattoo. Ad says if it doesn‚Äôt work money back, I emailed the seller and was told it could be that the product was ‚Äúold‚Äù and therefore ineffective. Fair enough, was asked what I would like...well I‚Äôd like my money back, but no way to reply and now it‚Äôs ‚Äúunavailable ‚Äú and now Amazon giving a run around. WASTE OF MONEY",1,-,-,https://www.amazon.com/gp/customer-reviews/RD3QA2TAO8IX1/ref=cm_cr_getr_d_rvw_ttl?ie=UTF8&ASIN=B082WYC6JP,B082WYC6JP,Size: 4 Fl Oz (Pack of 1)
"Reviewed in the United States on June 12, 2021",Elly Mae,yes,yes,Didn‚Äôt work,"I tried this a few times. It did not work at all. I have multiple 5% lidocaine creams. During work on my arm sleeve, I tried this one and it was not at all effective. Did not numb. Did not even dull sensation. I will not be purchasing this again. I won‚Äôt even finish the tube I have.",1,-,-,https://www.amazon.com/gp/customer-reviews/R1UHFA1JMVV7KQ/ref=cm_cr_getr_d_rvw_ttl?ie=UTF8&ASIN=B082WYC6JP,B082WYC6JP,Size: 4 Fl Oz (Pack of 1)
"Reviewed in the United States on January 3, 2023",Amazon Customer,yes,yes,LIES!,"This stuff does not work at all, don‚Äôt even waste your money or time. LOOK ELSEWHERE!",1,-,-,https://www.amazon.com/gp/customer-reviews/R2DQPZ5NFCOQGA/ref=cm_cr_getr_d_rvw_ttl?ie=UTF8&ASIN=B082WYC6JP,B082WYC6JP,Size: 4 Fl Oz (Pack of 1)
"Reviewed in the United States on December 31, 2022",Todd Ashton,yes,yes,What Lidocaine?,"This product is worthless. I seriously doubt there is any lidocaine in the formula. 0 numbing effect, DO NOT BUY!",1,-,-,https://www.amazon.com/gp/customer-reviews/R1PXSTOB0CXDKI/ref=cm_cr_getr_d_rvw_ttl?ie=UTF8&ASIN=B082WYC6JP,B082WYC6JP,Size: 4 Fl Oz (Pack of 1)
"Reviewed in the United States on December 30, 2022",Brittany,yes,yes,"Doesn‚Äôt work, don‚Äôt waste your money",I kept it on for an hour to see if it numbed me since I‚Äôm getting a big tattoo this weekend. NOPE‚Ä¶doesn‚Äôt work at all.,1,-,-,https://www.amazon.com/gp/customer-reviews/R4LEPL64H92NI/ref=cm_cr_getr_d_rvw_ttl?ie=UTF8&ASIN=B082WYC6JP,B082WYC6JP,Size: 4 Fl Oz (Pack of 1)
"Reviewed in the United States on December 27, 2022",Tracy Dudley,yes,yes,Practically useless,Applied four times and covered with plastic wrap for two hours. Noticed little to no effect.,1,-,-,https://www.amazon.com/gp/customer-reviews/R1FEV0GXPNPZR1/ref=cm_cr_getr_d_rvw_ttl?ie=UTF8&ASIN=B082WYC6JP,B082WYC6JP,Size: 4 Fl Oz (Pack of 1)
"Reviewed in the United States on November 24, 2022",Summer,yes,yes,DIDNT WORK. Keeps them from doing the ink transfer also,They can‚Äôt place stencil or draw one down with this stuff on. And it also didn‚Äôt work well at all,1,-,-,https://www.amazon.com/gp/customer-reviews/R27A949JHZSEMS/ref=cm_cr_getr_d_rvw_ttl?ie=UTF8&ASIN=B082WYC6JP,B082WYC6JP,Size: 4 Fl Oz (Pack of 1)
"Reviewed in the United States on August 28, 2022",kms10,yes,yes,Doesn‚Äôt work,"I‚Äôm an esthetician. In my previous job we had access to Rx strength combo numbing cream that worked great for microneedling, mild lasers, etc. I‚Äôve since changed jobs and don‚Äôt have access to that anymore, so decided to try this one. I tried it on myself first and it does absolutely nothing as far as numbing goes. It smells like and has about as much ‚Äúnumbing‚Äù effect as BenGay. I even applied twice, in THICK layers, covered with plastic and let it set for 45 mins but I could still feel even just the light touch of my fingertips. (So obviously the microneedling was then very uncomfortable when normally with the stronger numbing cream I don‚Äôt even feel anything.) Don‚Äôt waste your money on this.",1,-,-,https://www.amazon.com/gp/customer-reviews/R24HPTRJS5O42Y/ref=cm_cr_getr_d_rvw_ttl?ie=UTF8&ASIN=B082WYC6JP,B082WYC6JP,Size: 4 Fl Oz (Pack of 1)
"Reviewed in the United States on August 3, 2022",Amanda Knight,yes,yes,Doesn't Work,"Applied this 1 hour before my tattoo appointment, wrapped it up tightly in Saran wrap as one does with numbing creams. No numbing ever occured. We washed it off, waited another hour (my tattoo artist is my best friend and she books the day out to get me in). Nothing happened. So I applied my Zansa numbing cream, which is way more expensive, BUT, I couldn't feel a thing. I was sitting for another 4 hour sesh on my stomach tattoo so I needed this to work, it didn't. I wouldn't purchase this again, and I'll be sending it back.",1,-,-,https://www.amazon.com/gp/customer-reviews/R1TB0SHW4U1PM3/ref=cm_cr_getr_d_rvw_ttl?ie=UTF8&ASIN=B082WYC6JP,B082WYC6JP,Size: 4 Fl Oz (Pack of 1)
"Reviewed in the United States on July 24, 2022",Jen,yes,yes,"Doesn't work, read the reviews","Wish I had read the other one star reviews before purchasing. While this product smells nice and has a pleasant and easy to use texture it basically is a tube of expensive lotion. This product does not numb at all. I really wanted it to work and gave it multiple tries, eventually testing it in a side by side comparison with another brand of 5% lidocaine cream I use to confirm my suspicions. Hint: the other one worked and this one did not. I used this product as directed: applied the cream and placed a tegaderm plastic patch over the cream. I waited for 30-60 minutes undisturbed for it to take effect. The end result was that even after letting it sit for 60 minutes I could still feel the pain of a tiny insulin needle poking my skin.",1,-,-,https://www.amazon.com/gp/customer-reviews/RQL3JZFJMVUNB/ref=cm_cr_getr_d_rvw_ttl?ie=UTF8&ASIN=B082WYC6JP,B082WYC6JP,Size: 4 Fl Oz (Pack of 1)
"Reviewed in the United States on October 1, 2020",Pen NameGILBERT,yes,yes,Liquid,"Purchased this product received it yesterday, was great the only problem is it came out as in liquid this is the reason why I won't purchase it again, Seem like half of the tube came out.",2,-,-,https://www.amazon.com/gp/customer-reviews/R18T8V8R913IZ3/ref=cm_cr_getr_d_rvw_ttl?ie=UTF8&ASIN=B082WYC6JP,-,-
"Reviewed in the United States on February 24, 2023",Lola,yes,yes,No Numbness,This product did not numb my pain away. It Helped! I will not purchase again.,3,-,-,https://www.amazon.com/gp/customer-reviews/R1T9ZXEXXLP5FK/ref=cm_cr_getr_d_rvw_ttl?ie=UTF8&ASIN=B082WYC6JP,B082WYC6JP,Size: 4 Fl Oz (Pack of 1)
"Reviewed in the United States on August 1, 2022",Amazon Customer,yes,yes,Ineffective topical numbing,"Having used other effective tattoo numbing creams I can say the scent is pleasant compared to others and does seem to have better ingredients. With that being said, I heavily applied this cream and wrapped it in cellophane 2 hrs before tattooing and felt little to no numbing effect. This is not the one people.",3,-,-,https://www.amazon.com/gp/customer-reviews/R3LA7KSNFVRYUF/ref=cm_cr_getr_d_rvw_ttl?ie=UTF8&ASIN=B082WYC6JP,B082WYC6JP,Size: 4 Fl Oz (Pack of 1)
"Reviewed in the United States on August 7, 2021",Jessica Slater,yes,yes,Meh,Night the greatest,3,-,-,https://www.amazon.com/gp/customer-reviews/R3S7AFMOLP8TRW/ref=cm_cr_getr_d_rvw_ttl?ie=UTF8&ASIN=B082WYC6JP,B082WYC6JP,Size: 4 Fl Oz (Pack of 1)
"Reviewed in the United States on February 25, 2022",delia_sol,yes,yes,Doesn‚Äôt work,Ordered because it was advertised as numbing for tattoos and other procedures. It‚Äôs a hemorrhoid cream and doesn‚Äôt numb skin whatsoever. I used it prior to tattoo laser removal and it didn‚Äôt work AT ALL.,1,-,-,https://www.amazon.com/gp/customer-reviews/R1BDR84EYVUMXG/ref=cm_cr_getr_d_rvw_ttl?ie=UTF8&ASIN=B082WYC6JP,B082WYC6JP,Size: 4 Fl Oz (Pack of 1)
"Reviewed in the United States on January 7, 2023",Chelsie PoynterChelsie Poynter,yes,yes,Good sell storyline,"This looks like a tanning lotion first off, it had no numb effectiveness at all. I tattoo and 3 different clients said there's no effectiveness also. Wasn't worth the money or the time to try it.",1,https://m.media-amazon.com/images/I/61I5P4uLWUL.jpg,-,https://www.amazon.com/gp/customer-reviews/RW5VUXLHR791K/ref=cm_cr_getr_d_rvw_ttl?ie=UTF8&ASIN=B082WYC6JP,B082WYC6JP,Size: 4 Fl Oz (Pack of 1)
"Reviewed in the United States on January 6, 2023",daisybluetickdaisybluetick,yes,yes,CONTAMINATED PRODUCT! BROWN CREAM.,"I have purchased this item 3 times and generally been pleased. But this time, I opened a sealed box and a sealed tube and found BROWN CREAM.O.M.G. who knows what it may be contaminated with.AVOID!!",1,https://m.media-amazon.com/images/I/71fNOU5v9xL.jpg,-,https://www.amazon.com/gp/customer-reviews/R2S8P4PTPDXJ1P/ref=cm_cr_getr_d_rvw_ttl?ie=UTF8&ASIN=B082WYC6JP,B082WYC6JP,Size: 4 Fl Oz (Pack of 1)
"Reviewed in the United States on December 30, 2022",RBJRBJ,yes,yes,"I just received it, but why is it brown?","I‚Äôm concerned because the cream is brown, last I purchased it was white.",1,https://m.media-amazon.com/images/I/61DFBpyZYPL.jpg,-,https://www.amazon.com/gp/customer-reviews/R2ATMSLLEMTOM4/ref=cm_cr_getr_d_rvw_ttl?ie=UTF8&ASIN=B082WYC6JP,B082WYC6JP,Size: 4 Fl Oz (Pack of 1)
"Reviewed in the United States on July 30, 2022",christy m.christy m.,yes,yes,This didn't work on me or my daughter not even little bit! Do not waste ur money,This product didn't numb area first tattoo at all. Did not waste ur money,1,"https://m.media-amazon.com/images/I/61WxyCZipuL.jpg , https://m.media-amazon.com/images/I/61nSB7aPknL.jpg",-,https://www.amazon.com/gp/customer-reviews/R12FDC0TE0KQIE/ref=cm_cr_getr_d_rvw_ttl?ie=UTF8&ASIN=B082WYC6JP,B082WYC6JP,Size: 4 Fl Oz (Pack of 1)
"Reviewed in the United States on July 26, 2022",Don in DallasDon in Dallas,yes,yes,Changed formula. No Longer works on pain relief,"As of 11-2022. The main ingredients are changed and no longer works on my arthritis pain. Customer service stated they removed the  and has a new formula because of the smell. Now it is greasy, smells bad, looks like pus and has insignificant numbing effect. Worked better than aspercream before they ruined it. Aspercream 4% works much better. Very disappointing, this used to be the only arthritis cream that worked. No longer.",1,"https://m.media-amazon.com/images/I/51tK2TnMjSL.jpg , https://m.media-amazon.com/images/I/61wIB3HHqBL.jpg",-,https://www.amazon.com/gp/customer-reviews/R9H03RGZDPUXC/ref=cm_cr_getr_d_rvw_ttl?ie=UTF8&ASIN=B082WYC6JP,B082WYC6JP,Size: 4 Fl Oz (Pack of 1)
"Reviewed in the United States on July 2, 2022",Ronnie mershonRonnie mershon,yes,yes,DOES NOT WORK! I applied a generous amount 3x in an hour!,-,1,https://m.media-amazon.com/images/I/71xhgzjts5L.jpg,-,https://www.amazon.com/gp/customer-reviews/REHZ2AK1JK2DY/ref=cm_cr_getr_d_rvw_ttl?ie=UTF8&ASIN=B082WYC6JP,B082WYC6JP,Size: 4 Fl Oz (Pack of 1)
"Reviewed in the United States on May 7, 2022",Kisayri HernandezKisayri Hernandez,yes,yes,DOES NOT WORK!,Was it made in China or India? I don‚Äôt understand! And it does not work.,1,"https://m.media-amazon.com/images/I/613UFxViOrL.jpg , https://m.media-amazon.com/images/I/71PRA06RemL.jpg",-,https://www.amazon.com/gp/customer-reviews/R32WDRL6IQBW4Y/ref=cm_cr_getr_d_rvw_ttl?ie=UTF8&ASIN=B082WYC6JP,B082WYC6JP,Size: 4 Fl Oz (Pack of 1)
"Reviewed in the United States on February 26, 2023",Angelika,yes,yes,Not working at all,does not work at allwaste of moneysad very sad.I should read the reviews first1 Star is to much,1,-,-,https://www.amazon.com/gp/customer-reviews/R2V6EW9G99070Z/ref=cm_cr_getr_d_rvw_ttl?ie=UTF8&ASIN=B082WYC6JP,B082WYC6JP,Size: 4 Fl Oz (Pack of 1)
"Reviewed in the United States on February 25, 2023",LauraHamby,yes,yes,Does not work,Does not numb at all,1,-,-,https://www.amazon.com/gp/customer-reviews/R3AQ3376DZXXG4/ref=cm_cr_getr_d_rvw_ttl?ie=UTF8&ASIN=B082WYC6JP,B082WYC6JP,Size: 4 Fl Oz (Pack of 1)
"Reviewed in the United States on February 24, 2023",Britkim,yes,yes,Person specific?,It did not work at all for me. Maybe it works for some and not others?,1,-,-,https://www.amazon.com/gp/customer-reviews/R1TN3LB06X11UB/ref=cm_cr_getr_d_rvw_ttl?ie=UTF8&ASIN=B082WYC6JP,B082WYC6JP,Size: 4 Fl Oz (Pack of 1)
"Reviewed in the United States on February 16, 2023",Maxine Talerico,yes,yes,Does Not Work,Gave it a shot for an appointment for a session with all whites to cover up an area.  Unwrapped my arm after the allotted time the box says and it did nothing.,1,-,-,https://www.amazon.com/gp/customer-reviews/R3RL37YEI1AYBV/ref=cm_cr_getr_d_rvw_ttl?ie=UTF8&ASIN=B082WYC6JP,B082WYC6JP,Size: 4 Fl Oz (Pack of 1)
"Reviewed in the United States on February 8, 2023",Leticia aguilar,yes,yes,DONT WASTE YOUR MONEY,This stuff was absolutely worthless it didn't work at all not even a little bit,1,-,-,https://www.amazon.com/gp/customer-reviews/R3U7QTOOKAEZQ4/ref=cm_cr_getr_d_rvw_ttl?ie=UTF8&ASIN=B082WYC6JP,B082WYC6JP,Size: 4 Fl Oz (Pack of 1)
"Reviewed in the United States on February 1, 2023",Amazon Customer,yes,yes,Product did not numb. Can‚Äôt use it,Does not numb. Disappointed :(,1,-,-,https://www.amazon.com/gp/customer-reviews/R1QJ5J7N9WAKMG/ref=cm_cr_getr_d_rvw_ttl?ie=UTF8&ASIN=B082WYC6JP,B082WYC6JP,Size: 4 Fl Oz (Pack of 1)
"Reviewed in the United States on January 30, 2023",Kelmy,yes,yes,Garbage,Do not bother!,1,-,-,https://www.amazon.com/gp/customer-reviews/R1CK4BCDEJLOFU/ref=cm_cr_getr_d_rvw_ttl?ie=UTF8&ASIN=B082WYC6JP,B082WYC6JP,Size: 4 Fl Oz (Pack of 1)
"Reviewed in the United States on January 29, 2023",Emily Wells,yes,yes,Nope,I‚Äôve gotten this before and has allot of success with it. When I got it the first time it was a clear gel with a lotion type consistency. When I got this one it was a paste type consistency that was slightly gritty and it was a weird tan color. This tube did not work at all.,1,-,-,https://www.amazon.com/gp/customer-reviews/R16TIO6PXQ64NT/ref=cm_cr_getr_d_rvw_ttl?ie=UTF8&ASIN=B082WYC6JP,B082WYC6JP,Size: 4 Fl Oz (Pack of 1)
"Reviewed in the United States on January 27, 2023",P Queen,yes,yes,Does not work,This product does not work.  No difference to sensitivity of skin.  Even tried it on a few different areas with no difference.,1,-,-,https://www.amazon.com/gp/customer-reviews/R3N3MYFHF40XRB/ref=cm_cr_getr_d_rvw_ttl?ie=UTF8&ASIN=B082WYC6JP,B082WYC6JP,Size: 4 Fl Oz (Pack of 1)
"Reviewed in the United States on January 21, 2023",N.Cappo,yes,yes,do not buy for tattoos,i read reviews stating it worked for tattoos but it doesn‚Äôt do anything,1,-,-,https://www.amazon.com/gp/customer-reviews/R3IS5XWBCH15VI/ref=cm_cr_getr_d_rvw_ttl?ie=UTF8&ASIN=B082WYC6JP,B082WYC6JP,Size: 4 Fl Oz (Pack of 1)
"Reviewed in the United States on January 20, 2023",crystal marshall,yes,yes,This is a joke!! Does NOT work.,This does NOT work at all. It was 100% waste of money.,1,-,-,https://www.amazon.com/gp/customer-reviews/R1ZAIARE3U96R3/ref=cm_cr_getr_d_rvw_ttl?ie=UTF8&ASIN=B082WYC6JP,B082WYC6JP,Size: 4 Fl Oz (Pack of 1)
"Reviewed in the United States on January 16, 2023",TATTOO RADICAL,yes,yes,DID NOT WORK,Literally did nothing,1,-,-,https://www.amazon.com/gp/customer-reviews/R3PYS7LBZMCEDE/ref=cm_cr_getr_d_rvw_ttl?ie=UTF8&ASIN=B082WYC6JP,B082WYC6JP,Size: 4 Fl Oz (Pack of 1)
"Reviewed in the United States on January 16, 2023",Shadow,yes,yes,Product don‚Äôt work. Do not buy,Do not work,1,-,-,https://www.amazon.com/gp/customer-reviews/R233JXWL2A8Z7S/ref=cm_cr_getr_d_rvw_ttl?ie=UTF8&ASIN=B082WYC6JP,B082WYC6JP,Size: 4 Fl Oz (Pack of 1)
"Reviewed in the United States on December 24, 2022",Zac W.,yes,yes,Broke me out within 30 mins. No numbing at all! Terrible and wast of money,Broke me out. Doesn't numb one bit,1,-,-,https://www.amazon.com/gp/customer-reviews/R1QDL1MNP0QDTZ/ref=cm_cr_getr_d_rvw_ttl?ie=UTF8&ASIN=B082WYC6JP,B082WYC6JP,Size: 4 Fl Oz (Pack of 1)
"Reviewed in the United States on November 15, 2022",Sandy,yes,yes,DID NOT WORK,"Tried several times just never numbed me or my daughters, not even a little bit. Very disappointed!",1,-,-,https://www.amazon.com/gp/customer-reviews/R1GUS33JNNGZAF/ref=cm_cr_getr_d_rvw_ttl?ie=UTF8&ASIN=B082WYC6JP,B082WYC6JP,Size: 4 Fl Oz (Pack of 1)
"Reviewed in the United States on October 23, 2022",Tana,yes,yes,Didn‚Äôt work,Daughter used while getting her tattoo she said it did not work she had to order a different brand!,1,-,-,https://www.amazon.com/gp/customer-reviews/RH9OERTWTG7UQ/ref=cm_cr_getr_d_rvw_ttl?ie=UTF8&ASIN=B082WYC6JP,B082WYC6JP,Size: 4 Fl Oz (Pack of 1)
"Reviewed in the United States on October 15, 2022",BayBay,yes,yes,Doesn‚Äôt work,"This did not work. I tested different times like waiting after 30min, then 1 hour, and then 1.5 hours. Nothing was numb.",1,-,-,https://www.amazon.com/gp/customer-reviews/RBU8H40X5X58F/ref=cm_cr_getr_d_rvw_ttl?ie=UTF8&ASIN=B082WYC6JP,B082WYC6JP,Size: 4 Fl Oz (Pack of 1)
"Reviewed in the United States on October 9, 2022",Tracy Trumble,yes,yes,Tattoo cream,Product did not numb at all!! Not worth your money.,1,-,-,https://www.amazon.com/gp/customer-reviews/R3QWQWE2DU4EY1/ref=cm_cr_getr_d_rvw_ttl?ie=UTF8&ASIN=B082WYC6JP,B082WYC6JP,Size: 4 Fl Oz (Pack of 1)
"Reviewed in the United States on September 23, 2022",Laura turner,yes,yes,Dosen't work to numb tattoos,Didn't work,1,-,-,https://www.amazon.com/gp/customer-reviews/RBY1V8NXGS60V/ref=cm_cr_getr_d_rvw_ttl?ie=UTF8&ASIN=B082WYC6JP,B082WYC6JP,Size: 4 Fl Oz (Pack of 1)
"Reviewed in the United States on September 20, 2022",Amazon Customer,yes,yes,This product does not numb at all.,Do not buy this product for pain relief it does not numb at all. Disappointed I couldn‚Äôt return.,1,-,-,https://www.amazon.com/gp/customer-reviews/R1PBG626QSFFFC/ref=cm_cr_getr_d_rvw_ttl?ie=UTF8&ASIN=B082WYC6JP,B082WYC6JP,Size: 4 Fl Oz (Pack of 1)
"Reviewed in the United States on September 16, 2022",IceQx13,yes,yes,Does not work,Does not work AT ALL.,1,-,-,https://www.amazon.com/gp/customer-reviews/R3GEZ3B1JWQOOD/ref=cm_cr_getr_d_rvw_ttl?ie=UTF8&ASIN=B082WYC6JP,B082WYC6JP,Size: 4 Fl Oz (Pack of 1)
"Reviewed in the United States on September 6, 2022",Ella,yes,yes,Didn‚Äôt work,"i used this for a tattoo and wow i was disappointed. smelled horrible, didn‚Äôt work at all and i tried it multiple times before i got my tattoo, overpriced junk!",1,-,-,https://www.amazon.com/gp/customer-reviews/R1ISNP6ZIV544A/ref=cm_cr_getr_d_rvw_ttl?ie=UTF8&ASIN=B082WYC6JP,B082WYC6JP,Size: 4 Fl Oz (Pack of 1)
"Reviewed in the United States on September 5, 2022",Charity,yes,yes,Didn‚Äôt work well at all followed directions,I dislike the product all together didn‚Äôt work at all,1,-,-,https://www.amazon.com/gp/customer-reviews/R347BERN0S16W5/ref=cm_cr_getr_d_rvw_ttl?ie=UTF8&ASIN=B082WYC6JP,B082WYC6JP,Size: 4 Fl Oz (Pack of 1)
"Reviewed in the United States on September 5, 2022",Amazon Customer,yes,yes,Waste of money and time,"Bought this for a tattoo appt. I used as directed and it didn‚Äôt work. Arrived to my tattoo appt and still nothing. Even my tattoo artist helped me reapply and still didn‚Äôt work after we waited. All the cream did was tenderize my skin which made day 2 of tattooing even worse than the first day. Do not buy, would not recommend, will be returning.",1,-,-,https://www.amazon.com/gp/customer-reviews/R3S8AOCSSEGIKW/ref=cm_cr_getr_d_rvw_ttl?ie=UTF8&ASIN=B082WYC6JP,B082WYC6JP,Size: 4 Fl Oz (Pack of 1)
"Reviewed in the United States on September 4, 2022",margarita,yes,yes,Don‚Äôt buy,Don‚Äôt buy this product it doesn‚Äôt  numb at all! All it did was feel like I applied iceyhot. Not sure if this product even contains lidocaine like it claims all I felt was the menthol.,1,-,-,https://www.amazon.com/gp/customer-reviews/R1SEG6ASPSE5ZU/ref=cm_cr_getr_d_rvw_ttl?ie=UTF8&ASIN=B082WYC6JP,B082WYC6JP,Size: 4 Fl Oz (Pack of 1)
"Reviewed in the United States on September 2, 2022",Denise Laumeier,yes,yes,Hahaha,"This is a waste of money and time! Don‚Äôt buy it, you will be disappointed.",1,-,-,https://www.amazon.com/gp/customer-reviews/R38TKPT8EHRVM/ref=cm_cr_getr_d_rvw_ttl?ie=UTF8&ASIN=B082WYC6JP,B082WYC6JP,Size: 4 Fl Oz (Pack of 1)
"Reviewed in the United States on August 23, 2022",Ev,yes,yes,Not good for electrolysis,Not good for electrolysis And I felt all the pain . I ended up ending my session early. I followed the instructions but it didn‚Äôt work for me.,1,-,-,https://www.amazon.com/gp/customer-reviews/R2LXXQFRE5VPB4/ref=cm_cr_getr_d_rvw_ttl?ie=UTF8&ASIN=B082WYC6JP,B082WYC6JP,Size: 4 Fl Oz (Pack of 1)
"Reviewed in the United States on August 22, 2022",Ashleigh Arnold,yes,yes,No relief at all,I would have had more relief using orajel üòÇüòÇüòÇ,1,-,-,https://www.amazon.com/gp/customer-reviews/R1ESSFKB9Q1VDT/ref=cm_cr_getr_d_rvw_ttl?ie=UTF8&ASIN=B082WYC6JP,B082WYC6JP,Size: 4 Fl Oz (Pack of 1)
"Reviewed in the United States on August 19, 2022",ARJR1700,yes,yes,Totally Ineffective,This product had no numbing effect on my skin what-so-ever.,1,-,-,https://www.amazon.com/gp/customer-reviews/R2R1ON5ONDEE3N/ref=cm_cr_getr_d_rvw_ttl?ie=UTF8&ASIN=B082WYC6JP,B082WYC6JP,Size: 4 Fl Oz (Pack of 1)
"Reviewed in the United States on August 12, 2022",Ivo,yes,yes,It doesn‚Äôt work,It didn‚Äôt do anything,1,-,-,https://www.amazon.com/gp/customer-reviews/R1LCF2LQ8SIU7V/ref=cm_cr_getr_d_rvw_ttl?ie=UTF8&ASIN=B082WYC6JP,B082WYC6JP,Size: 4 Fl Oz (Pack of 1)
"Reviewed in the United States on August 11, 2022",Adeliesewolf,yes,yes,Don‚Äôt buy for waxing,Don‚Äôt use for waxing !! To much fragrance and burned,1,-,-,https://www.amazon.com/gp/customer-reviews/R3VLH4A9KB9L95/ref=cm_cr_getr_d_rvw_ttl?ie=UTF8&ASIN=B082WYC6JP,B082WYC6JP,Size: 4 Fl Oz (Pack of 1)
"Reviewed in the United States on August 9, 2022",Joshua Settles,yes,yes,Didn‚Äôt work,"I followed the directions, waiting more than half an hour, he started tattooing my hand and it didn‚Äôt numb anything. Very disappointed",1,-,-,https://www.amazon.com/gp/customer-reviews/R3OKVE1B3WEXND/ref=cm_cr_getr_d_rvw_ttl?ie=UTF8&ASIN=B082WYC6JP,B082WYC6JP,Size: 4 Fl Oz (Pack of 1)
"Reviewed in the United States on August 6, 2022",Ashley Salas,yes,yes,Did not work for me at all,i left it one for the correct amount of time and i even put plastic wrap like suggested and it don‚Äôt help at all. if anything i felt like it made the pain worse!,1,-,-,https://www.amazon.com/gp/customer-reviews/R23PVLYMXT6GK6/ref=cm_cr_getr_d_rvw_ttl?ie=UTF8&ASIN=B082WYC6JP,B082WYC6JP,Size: 4 Fl Oz (Pack of 1)
"Reviewed in the United States on August 5, 2022",emluchsinger,yes,yes,Did not numb anything,I‚Äôve used various lidocaine creams for tattoo work. This cream did not work AT ALL. Zero pain relief. Nada. Zilch.,1,-,-,https://www.amazon.com/gp/customer-reviews/R3EN7UNVCDCK8T/ref=cm_cr_getr_d_rvw_ttl?ie=UTF8&ASIN=B082WYC6JP,B082WYC6JP,Size: 4 Fl Oz (Pack of 1)
"Reviewed in the United States on August 4, 2022",Michelle A.  Fox,yes,yes,Awful,"I read the ingredient list before purchasing & confirmed the same ingredients on the package. Fragrance is not listed anywhere yet this product has a very strong floral fragrance. It triggered migraine & allergies for me. In addition, it was completely ineffective at numbing. Don't waste your money!",1,-,-,https://www.amazon.com/gp/customer-reviews/R2HR2JJNT2SXOB/ref=cm_cr_getr_d_rvw_ttl?ie=UTF8&ASIN=B082WYC6JP,B082WYC6JP,Size: 4 Fl Oz (Pack of 1)
"Reviewed in the United States on August 4, 2022",Amazon Customer,yes,yes,Not worth it,I have over 50 hours of tattos on my body. This product is no good for tattoing...,1,-,-,https://www.amazon.com/gp/customer-reviews/R3RL35OUYAHWKA/ref=cm_cr_getr_d_rvw_ttl?ie=UTF8&ASIN=B082WYC6JP,B082WYC6JP,Size: 4 Fl Oz (Pack of 1)
"Reviewed in the United States on August 4, 2022",Luis Zermeno,yes,yes,Does not numb,Did not work. At all. Not even for 0.5 needle.,1,-,-,https://www.amazon.com/gp/customer-reviews/R2ZCGHB4R9F4KW/ref=cm_cr_getr_d_rvw_ttl?ie=UTF8&ASIN=B082WYC6JP,B082WYC6JP,Size: 4 Fl Oz (Pack of 1)
"Reviewed in the United States on August 1, 2022",Amazon Customer,yes,yes,Zero value for my money.,Totally and completely useless!! Did a full back tat - absolutely never worked! Useless for follow up use well. No relief whatsoever.,1,-,-,https://www.amazon.com/gp/customer-reviews/R1N6051X2M15AE/ref=cm_cr_getr_d_rvw_ttl?ie=UTF8&ASIN=B082WYC6JP,B082WYC6JP,Size: 4 Fl Oz (Pack of 1)
"Reviewed in the United States on July 31, 2022",Joy Marie,yes,yes,Didn't Work At All--Must Be Fake,This literally doesn't work at all. Either I got a bad batch or this is completely fake. Not only does it not work as an anesthetic but it smells gross too. The only benefit I can see from this is as a lotion but I wouldn't even use it for that considering how bad it smells. I wish I could get my money back because I feel ripped off. I'm very unhappy.,1,-,-,https://www.amazon.com/gp/customer-reviews/R28DY8CYK5B7LF/ref=cm_cr_getr_d_rvw_ttl?ie=UTF8&ASIN=B082WYC6JP,B082WYC6JP,Size: 4 Fl Oz (Pack of 1)
"Reviewed in the United States on July 30, 2022",Marco A.,yes,yes,SI LA QUIERES USAR PARA ENTUMECER ALGUNA PARTE DEL CUERPO.......NO SIRVE,Me la recomendaron para usarla cuando me fuera yo a tatuar que me pusiera una o dos horas antes en la parte donde fuera a tatuarne y NO ME RESULTO UTIL la use de diferentes formas para ver sime daba mejores resultados y no me sirvio para nada dinero tirado a la basura,1,-,-,https://www.amazon.com/gp/customer-reviews/R1Z5I7ZZL5VPYH/ref=cm_cr_getr_d_rvw_ttl?ie=UTF8&ASIN=B082WYC6JP,B082WYC6JP,Size: 4 Fl Oz (Pack of 1)
"Reviewed in the United States on July 29, 2022","salema hall, mayne",yes,yes,Did not  numb at all.,Bought for wax and it was a complete qate it did not numb the area what so ever  just burn and tingled from the menthol.,1,-,-,https://www.amazon.com/gp/customer-reviews/R3R1XOQSKSYPRJ/ref=cm_cr_getr_d_rvw_ttl?ie=UTF8&ASIN=B082WYC6JP,B082WYC6JP,Size: 4 Fl Oz (Pack of 1)
"Reviewed in the United States on July 27, 2022",SnosNdos,yes,yes,Doesn't work,Doesn't work,1,-,-,https://www.amazon.com/gp/customer-reviews/R2B6X5HD1MLN63/ref=cm_cr_getr_d_rvw_ttl?ie=UTF8&ASIN=B082WYC6JP,B082WYC6JP,Size: 4 Fl Oz (Pack of 1)
"Reviewed in the United States on July 23, 2022",greenmethod,yes,yes,Don't buy for the lidocaine. Garbage,Had a thick application on my arm and under plastic wrap for 30 mins. Could still feel a soft touch and sharp poke. There is a ton of additives the lidocaine must be diluted down.,1,-,-,https://www.amazon.com/gp/customer-reviews/RAWOYXXV0F23H/ref=cm_cr_getr_d_rvw_ttl?ie=UTF8&ASIN=B082WYC6JP,B082WYC6JP,Size: 4 Fl Oz (Pack of 1)
"Reviewed in the United States on July 22, 2022",Vanessa,yes,yes,I really regret using this on my face for microneedling.,So irritating. Huge mistake. So much methol. Do not use this for microneedling or chemical peels or tattoo.,1,-,-,https://www.amazon.com/gp/customer-reviews/R2SCXQP9CLI4A3/ref=cm_cr_getr_d_rvw_ttl?ie=UTF8&ASIN=B082WYC6JP,B082WYC6JP,Size: 4 Fl Oz (Pack of 1)
"Reviewed in the United States on July 21, 2022",Deric clardy,yes,yes,Don't work that good,I don't like the fact I didn't feel no numbness and a pain felt the same with or without it,1,-,-,https://www.amazon.com/gp/customer-reviews/R34BTDDIFCFWZW/ref=cm_cr_getr_d_rvw_ttl?ie=UTF8&ASIN=B082WYC6JP,B082WYC6JP,Size: 4 Fl Oz (Pack of 1)
"Reviewed in the United States on July 19, 2022",Michele E Popolizio,yes,yes,Absolutely doesn't work!,This cream doesn't work at all. Not for numbing for a piercing/tattoo or for back pain. I've used several different creams but figured I'd try this because there is more product for the money.  There's no way there's 5% lidocaine in this product.,1,-,-,https://www.amazon.com/gp/customer-reviews/R3M3M996COS04U/ref=cm_cr_getr_d_rvw_ttl?ie=UTF8&ASIN=B082WYC6JP,B082WYC6JP,Size: 4 Fl Oz (Pack of 1)
"Reviewed in the United States on July 18, 2022",Unhappy,yes,yes,I was in pain,This doesn‚Äôt work for me.,1,-,-,https://www.amazon.com/gp/customer-reviews/RW7MX4DU3TLB8/ref=cm_cr_getr_d_rvw_ttl?ie=UTF8&ASIN=B082WYC6JP,B082WYC6JP,Size: 4 Fl Oz (Pack of 1)
"Reviewed in the United States on July 17, 2022",Kelsey,yes,yes,Nowhere on the bottle does it say it's for tattoo use. It says it's for rectal use.,???? Don't buy,1,-,-,https://www.amazon.com/gp/customer-reviews/R3BUSWR2BT4S6C/ref=cm_cr_getr_d_rvw_ttl?ie=UTF8&ASIN=B082WYC6JP,B082WYC6JP,Size: 4 Fl Oz (Pack of 1)
"Reviewed in the United States on July 16, 2022",Dan,yes,yes,"This literally does nothing ,if I could get my money back I would. DO NOT BUY",Garbage unless does nothing,1,-,-,https://www.amazon.com/gp/customer-reviews/R27PYQQGGI7OYI/ref=cm_cr_getr_d_rvw_ttl?ie=UTF8&ASIN=B082WYC6JP,B082WYC6JP,Size: 4 Fl Oz (Pack of 1)
"Reviewed in the United States on July 16, 2022",Lola,yes,yes,Does not numb at all,"Put one layer on and repeated with another layer after 20 minutes. At one hour, there was zero numbness. Waste of money.",1,-,-,https://www.amazon.com/gp/customer-reviews/R17ZIMLKZFWROY/ref=cm_cr_getr_d_rvw_ttl?ie=UTF8&ASIN=B082WYC6JP,B082WYC6JP,Size: 4 Fl Oz (Pack of 1)
"Reviewed in the United States on July 15, 2022",Amazon Customer,yes,yes,This was horrible. Did not work at all almost used the entire tube and did not work at all.,This was horrible. Did not work at all almost used the entire tube and the was no numbing at all. You could not pay me $20 to use again. And the sad thing is they are making me send an empty tube to get my mom back.,1,-,-,https://www.amazon.com/gp/customer-reviews/R10QLGC4L5L26P/ref=cm_cr_getr_d_rvw_ttl?ie=UTF8&ASIN=B082WYC6JP,B082WYC6JP,Size: 4 Fl Oz (Pack of 1)
"Reviewed in the United States on July 15, 2022",BettyNoseJob,yes,yes,Do not buy,This has menthol and tea tree oil which I would not recommend prior to getting a tattoo. It did not numb my skin at all and it only made my skin burn from the menthol. Did not help with the tattoo and if I hadn‚Äôt washed it off I think it would‚Äôve made my experience much worse.,1,-,-,https://www.amazon.com/gp/customer-reviews/R2Y222IOX9VEZL/ref=cm_cr_getr_d_rvw_ttl?ie=UTF8&ASIN=B082WYC6JP,B082WYC6JP,Size: 4 Fl Oz (Pack of 1)
"Reviewed in the United States on July 11, 2022",Tawnya Lewis,yes,yes,Does not work!!,"This product states that you will notice results within 5-10mins, and ful effects within 30-60mins. This is not true! My tattoo artist applied a generous amount and we waited an hour and a half and I could still feel everything as if nothing was applied. This product does not work, I ended up getting the stud 100 spray and that worked amazingly!!",1,-,-,https://www.amazon.com/gp/customer-reviews/RXXXWZYS2ZLZV/ref=cm_cr_getr_d_rvw_ttl?ie=UTF8&ASIN=B082WYC6JP,B082WYC6JP,Size: 4 Fl Oz (Pack of 1)
"Reviewed in the United States on July 11, 2022",Turkeyvulture1,yes,yes,Do not buy this for tattoos.,"Do not buy this for tattoos. I applied this for the instruction. Waited 30 to 45 minutes before getting tattooed. My whole body is covered with that tooth. This was my first time trying a numbing cream because I had a three hour neck tattoo. After waiting for 45 minutes recommended, there was absolutely no effect on my skin. I felt every part of the needle. This provided absolutely no release nor did number skit. Save your money.",1,-,-,https://www.amazon.com/gp/customer-reviews/R7KOV0DEX7T89/ref=cm_cr_getr_d_rvw_ttl?ie=UTF8&ASIN=B082WYC6JP,B082WYC6JP,Size: 4 Fl Oz (Pack of 1)
"Reviewed in the United States on July 8, 2022",DFrazier,yes,yes,Didn‚Äôt Work!  Don‚Äôt waste your money,Disappointed!  I applied quiet a bit to my arm 2 hrs on before a tattoo session!  Covered in Saran wrap.  I felt everything.  It just did nothing.  Waste of money.  I have used tattoo numbing cream and it worked great.  This did nothing.  I wouldn‚Äôt waste any money on it.,1,-,-,https://www.amazon.com/gp/customer-reviews/RF9STWO7JTI7U/ref=cm_cr_getr_d_rvw_ttl?ie=UTF8&ASIN=B082WYC6JP,B082WYC6JP,Size: 4 Fl Oz (Pack of 1)
"Reviewed in the United States on July 8, 2022",stepan buravlov,yes,yes,"No pain relief even with time, pressure, and wrap.","No pain relief even with time, pressure, and wrap.",1,-,-,https://www.amazon.com/gp/customer-reviews/R95GSZRNQNDWO/ref=cm_cr_getr_d_rvw_ttl?ie=UTF8&ASIN=B082WYC6JP,B082WYC6JP,Size: 4 Fl Oz (Pack of 1)
"Reviewed in the United States on July 7, 2022",Cona,yes,yes,Did not work for  tattoo session,After reading the reviews I bought this cream but it did not work at all or reduce any pain.,1,-,-,https://www.amazon.com/gp/customer-reviews/R109QCLPDJQ39V/ref=cm_cr_getr_d_rvw_ttl?ie=UTF8&ASIN=B082WYC6JP,B082WYC6JP,Size: 4 Fl Oz (Pack of 1)
"Reviewed in the United States on July 3, 2022",Heather Baker,yes,yes,"Didn‚Äôt work for me, might have taken 5 percent of the pain away",I used this for a rib tattoo hoping it would at least dull the pain and It didn‚Äôt seem to do anything. I followed the directions exactly. I had to sit for a 2 hour rib piece feeling no relief.,1,-,-,https://www.amazon.com/gp/customer-reviews/R27O3MLH986FJK/ref=cm_cr_getr_d_rvw_ttl?ie=UTF8&ASIN=B082WYC6JP,B082WYC6JP,Size: 4 Fl Oz (Pack of 1)
"Reviewed in the United States on July 2, 2022",Emelia,yes,yes,It didn't work,I applied it in a small area generously and it failed to do it's job in the slightest,1,-,-,https://www.amazon.com/gp/customer-reviews/R1L3I1ZQILHN5/ref=cm_cr_getr_d_rvw_ttl?ie=UTF8&ASIN=B082WYC6JP,B082WYC6JP,Size: 4 Fl Oz (Pack of 1)
"Reviewed in the United States on June 27, 2022",mrideaux,yes,yes,Base Labs Tattoo Numbing Cream 5% Lidocaine Numbing Cream for Tattoos,"Dont waste you time. The cold sore, gums and tooth ache meds work better.  To try to get this tuff to work placed plastic wrap over the area and the skin never went numb and I gave it to someone who just finished a  tattoo for pain relief. It didn't work even after waiting an hour.  Dont waste your money.",1,-,-,https://www.amazon.com/gp/customer-reviews/R23KDXNWU8KNRZ/ref=cm_cr_getr_d_rvw_ttl?ie=UTF8&ASIN=B082WYC6JP,B082WYC6JP,Size: 4 Fl Oz (Pack of 1)
"Reviewed in the United States on June 26, 2022",D. Gray,yes,yes,Get CVS 4% instead,This is basically menthol and tea tree oil with a little bit of lidocaine to make it feel like it‚Äôs numbing but it doesn‚Äôt. Better off with CVS 4%. Actually works despite being ‚Äòweaker‚Äô.,1,-,-,https://www.amazon.com/gp/customer-reviews/R2F838S0MQK9UH/ref=cm_cr_getr_d_rvw_ttl?ie=UTF8&ASIN=B082WYC6JP,B082WYC6JP,Size: 4 Fl Oz (Pack of 1)
"Reviewed in the United States on June 26, 2022",brian keegan,yes,yes,Scam.......does not work.,I never leave reviews but this does not work at all. Left on for 1hour....nothing. left on 2 hours.....still nothing. What a scam.,1,-,-,https://www.amazon.com/gp/customer-reviews/RYRLWDTZRQWE/ref=cm_cr_getr_d_rvw_ttl?ie=UTF8&ASIN=B082WYC6JP,B082WYC6JP,Size: 4 Fl Oz (Pack of 1)
"Reviewed in the United States on June 18, 2022",Devon,yes,yes,DONT WASTE YOUR MONEY!,Cream does not numb skin at all. I bought it to use for tattooing and unfortunately it does not work. I put on a generous amount and waited a full hour and never felt any numb feeling or decrease in sensation at all.,1,-,-,https://www.amazon.com/gp/customer-reviews/R3SZVPOV1CDTJN/ref=cm_cr_getr_d_rvw_ttl?ie=UTF8&ASIN=B082WYC6JP,B082WYC6JP,Size: 4 Fl Oz (Pack of 1)
"Reviewed in the United States on March 8, 2023",GeckoDad,yes,yes,Changed formula not as good,"I have been buying and using this product for over a year and a half and was very happy with it. Now the formula has changed and I don't find it as effective. They have not updated their pictures to represent the new product. The picture shows a thick white cream, as it was previously. But now it is a thin brown lotion. I am canceling my subscription and will replace this with a different product. I have no idea why they would choose to change the formula of a good product.",2,-,-,https://www.amazon.com/gp/customer-reviews/R240L8XDC5HYI5/ref=cm_cr_getr_d_rvw_ttl?ie=UTF8&ASIN=B082WYC6JP,B082WYC6JP,Size: 4 Fl Oz (Pack of 1)
"Reviewed in the United States on December 28, 2022",Lucky Casey,yes,yes,Doesn't work,"This product does not work. I used it twice , filling all instructions available. Didn't work at all. Waste of money.",2,-,-,https://www.amazon.com/gp/customer-reviews/R3JBPX7VJ8NFIY/ref=cm_cr_getr_d_rvw_ttl?ie=UTF8&ASIN=B082WYC6JP,B082WYC6JP,Size: 4 Fl Oz (Pack of 1)
"Reviewed in the United States on December 17, 2022",Desiree,yes,yes,Didn‚Äôt work for nose piercing‚Ä¶,"I tried this cream to pierce my nose, it numbed the surface only of the inside of my nostril and outside. It hurt so bad I had to stop",2,-,-,https://www.amazon.com/gp/customer-reviews/RXV4PW94V80KL/ref=cm_cr_getr_d_rvw_ttl?ie=UTF8&ASIN=B082WYC6JP,B082WYC6JP,Size: 4 Fl Oz (Pack of 1)
"Reviewed in the United States on September 16, 2022",Holly Taylor,yes,yes,Smells good but that‚Äôs about it,"The smell was nice, the cream was soft, but for the purpose of this product‚Ä¶ it does NOT numb the skin at all. It just feels minty but doesn‚Äôt numb anything. I bought this product for tattoos and micro needling. Won‚Äôt buy again.",2,-,-,https://www.amazon.com/gp/customer-reviews/R18A1FU6SXYHI7/ref=cm_cr_getr_d_rvw_ttl?ie=UTF8&ASIN=B082WYC6JP,B082WYC6JP,Size: 4 Fl Oz (Pack of 1)
"Reviewed in the United States on September 8, 2022",Amazon Customer,yes,yes,Ehhhhh.,Purchased this item due to the 5 star reviews at the time and it worked the first two times but then it just stopped . Had it for less than 2 months . Used let directions . But does not work any more.,2,-,-,https://www.amazon.com/gp/customer-reviews/R299QKRL9NHJCG/ref=cm_cr_getr_d_rvw_ttl?ie=UTF8&ASIN=B082WYC6JP,B082WYC6JP,Size: 4 Fl Oz (Pack of 1)
"Reviewed in the United States on August 26, 2022",Disappointed buyer,yes,yes,Product is highly scented,Product has a strong perfume scent. I am returning.,2,-,-,https://www.amazon.com/gp/customer-reviews/R1CFQX60YFZD4A/ref=cm_cr_getr_d_rvw_ttl?ie=UTF8&ASIN=B082WYC6JP,B082WYC6JP,Size: 4 Fl Oz (Pack of 1)
"Reviewed in the United States on August 25, 2022",Brian Haire,yes,yes,Doesn't Work,Do Not Use For Tattoo Numbing,2,-,-,https://www.amazon.com/gp/customer-reviews/R246RI8DZVWU6W/ref=cm_cr_getr_d_rvw_ttl?ie=UTF8&ASIN=B082WYC6JP,B082WYC6JP,Size: 4 Fl Oz (Pack of 1)
"Reviewed in the United States on July 29, 2022",Lena.Jo.,yes,yes,"Eh, it helps a little but it's not great.","I actually tried to return it but I was 4 days too late grrr. I didn't start using it right away when I bought it and I wanted to try something else but now I'm stuck with it. I  bought it for microneedling in case you're wondering (which it mentions it in the ad which is why I purchased it). If it barely works for that, I can't imagine it being any better for tattoos...",2,-,-,https://www.amazon.com/gp/customer-reviews/RR7D4DBZI4NJ2/ref=cm_cr_getr_d_rvw_ttl?ie=UTF8&ASIN=B082WYC6JP,B082WYC6JP,Size: 4 Fl Oz (Pack of 1)
"Reviewed in the United States on July 27, 2022",Marquita Arbelo,yes,yes,It doesn't work.,It definitely makes sense to spend a bit more and get something that will actually work. This dulled pain for maybe an hr and it took that long to start working.,2,-,-,https://www.amazon.com/gp/customer-reviews/R13Q701TAZ4HQU/ref=cm_cr_getr_d_rvw_ttl?ie=UTF8&ASIN=B082WYC6JP,B082WYC6JP,Size: 4 Fl Oz (Pack of 1)
"Reviewed in the United States on July 6, 2022",Stephanie R. Jarrett,yes,yes,More tingle than numb,Got this for a larger tattoo and it barely took the edge off. This may be better for a hey muscles than for tattoos. Was only okay for me.,2,-,-,https://www.amazon.com/gp/customer-reviews/R1UHUH7CBC4O3V/ref=cm_cr_getr_d_rvw_ttl?ie=UTF8&ASIN=B082WYC6JP,B082WYC6JP,Size: 4 Fl Oz (Pack of 1)
"Reviewed in the United States on June 23, 2022",Taylor Holman,yes,yes,did not work for me!,"i went and got a piercing done with this, didn‚Äôt work at all for me! will not be buying again",2,-,-,https://www.amazon.com/gp/customer-reviews/R3VMYV06G26G52/ref=cm_cr_getr_d_rvw_ttl?ie=UTF8&ASIN=B082WYC6JP,B082WYC6JP,Size: 4 Fl Oz (Pack of 1)
"Reviewed in the United States on June 20, 2022",Abby luecke,yes,yes,Meh,Sadly my tattoo artist used MINE on other people but it worked for 5 mins,2,-,-,https://www.amazon.com/gp/customer-reviews/R15R8WXGGJJ3WG/ref=cm_cr_getr_d_rvw_ttl?ie=UTF8&ASIN=B082WYC6JP,B082WYC6JP,Size: 4 Fl Oz (Pack of 1)
"Reviewed in the United States on June 20, 2022",Stone,yes,yes,Didn‚Äôt help at all,"Very thick and gooey, got it for back pain, I use a 4% lidocaine and it works way better, I thought 5% would be even better, but no, I will stick to my old stuff, it‚Äôs cheaper",2,-,-,https://www.amazon.com/gp/customer-reviews/R2GSELHTMFMBAI/ref=cm_cr_getr_d_rvw_ttl?ie=UTF8&ASIN=B082WYC6JP,B082WYC6JP,Size: 4 Fl Oz (Pack of 1)
"Reviewed in the United States on October 15, 2021",Alyssa Monique,yes,yes,didn't really work for me.,didn't really work that well for me no numbness,2,-,-,https://www.amazon.com/gp/customer-reviews/R2ER8AQ1PPVLF4/ref=cm_cr_getr_d_rvw_ttl?ie=UTF8&ASIN=B082WYC6JP,B082WYC6JP,Size: 4 Fl Oz (Pack of 1)
"Reviewed in the United States on June 28, 2021",WHITNEY,yes,yes,Returning did nothing,Returning did nothing for me,2,-,-,https://www.amazon.com/gp/customer-reviews/R2799XG1HQ8L9R/ref=cm_cr_getr_d_rvw_ttl?ie=UTF8&ASIN=B082WYC6JP,B082WYC6JP,Size: 4 Fl Oz (Pack of 1)
"Reviewed in the United States on June 13, 2021",Armiss,yes,yes,Doesn‚Äôt Numb,"Good for tattoos after care, but don‚Äôt get this if you need it to numb an area.",2,-,-,https://www.amazon.com/gp/customer-reviews/R2TDFOXMEA7O50/ref=cm_cr_getr_d_rvw_ttl?ie=UTF8&ASIN=B082WYC6JP,B082WYC6JP,Size: 4 Fl Oz (Pack of 1)
"Reviewed in the United States on March 23, 2021",Duane,yes,yes,Not impressed,Applied to my arm before a tattoo session like i have for many other products. Left on for almost two hours wrapped and still only lightly numbed the area it was applied to.,2,-,-,https://www.amazon.com/gp/customer-reviews/R2KRNJF6A0A6W3/ref=cm_cr_getr_d_rvw_ttl?ie=UTF8&ASIN=B082WYC6JP,B082WYC6JP,Size: 4 Fl Oz (Pack of 1)
"Reviewed in the United States on September 14, 2020",F. G.,yes,yes,watery,product was not creamy at all. It is watery and just is a mess. no way to use it.,2,-,-,https://www.amazon.com/gp/customer-reviews/R2W32HTUGV7S0D/ref=cm_cr_getr_d_rvw_ttl?ie=UTF8&ASIN=B082WYC6JP,-,-
"Reviewed in the United States on October 15, 2022",Jehana Mohammed,yes,yes,Ordered this 4pack but only received 1 tube.,The description says 4 pack but I only received 1,3,-,-,https://www.amazon.com/gp/customer-reviews/R1VTVE4SWIIYW0/ref=cm_cr_getr_d_rvw_ttl?ie=UTF8&ASIN=B082WYC6JP,B082WYC6JP,Size: 4 Fl Oz (Pack of 1)
"Reviewed in the United States on October 4, 2022",Julie W.,yes,yes,Doesn't work,This cream doesn't numb at all. Don't waste your money,3,-,-,https://www.amazon.com/gp/customer-reviews/R14904DBL9XWXF/ref=cm_cr_getr_d_rvw_ttl?ie=UTF8&ASIN=B082WYC6JP,B082WYC6JP,Size: 4 Fl Oz (Pack of 1)
"Reviewed in the United States on September 6, 2022",EstyAnna,yes,yes,Not strong enough for micro needling,Bought this product for micro needling the face.  Doesn‚Äôt work well enough to do .25 needling.,3,-,-,https://www.amazon.com/gp/customer-reviews/R2HLNQEVYFOI72/ref=cm_cr_getr_d_rvw_ttl?ie=UTF8&ASIN=B082WYC6JP,B082WYC6JP,Size: 4 Fl Oz (Pack of 1)
"Reviewed in the United States on January 23, 2022",Anonymous,yes,yes,50%.,"So I have used this same product before. I reordered before my last supply ran out and it didn't work at all. I used first supply and worked great. Second, absolutely nothing. Don't know what happened. Very disappointed.",3,-,-,https://www.amazon.com/gp/customer-reviews/R10XLO2H6BSY9R/ref=cm_cr_getr_d_rvw_ttl?ie=UTF8&ASIN=B082WYC6JP,B082WYC6JP,Size: 4 Fl Oz (Pack of 1)
"Reviewed in the United States on August 14, 2021",Suzy,yes,yes,Ineffective topical,I have fibromyalgia and my pain meds just don't help enough for the pain I'm constantly in. Seeing that this has 5% lidocaine instead of the usual 4% I'm use to seeing in topical I was hopeful that it would help but it didn't seem to have any numbing effect at all so my search for an effective topical isn't over because I still haven't found one that works for me.,3,-,-,https://www.amazon.com/gp/customer-reviews/R9V1MJ02Y4993/ref=cm_cr_getr_d_rvw_ttl?ie=UTF8&ASIN=B082WYC6JP,B082WYC6JP,Size: 4 Fl Oz (Pack of 1)
"Reviewed in the United States on May 21, 2021",Michelle Montanez,yes,yes,works well,recieved this and tried it worked well,3,-,-,https://www.amazon.com/gp/customer-reviews/R36WWUEZ6R96KH/ref=cm_cr_getr_d_rvw_ttl?ie=UTF8&ASIN=B082WYC6JP,B082WYC6JP,Size: 4 Fl Oz (Pack of 1)
"Reviewed in the United States on May 15, 2021",Sami Jo,yes,yes,Great value,Great value,3,-,-,https://www.amazon.com/gp/customer-reviews/R3Q56W569O98GE/ref=cm_cr_getr_d_rvw_ttl?ie=UTF8&ASIN=B082WYC6JP,B082WYC6JP,Size: 4 Fl Oz (Pack of 1)
"Reviewed in the United States on December 23, 2021",Telestai,yes,yes,Relief from WHAT??,"Spoiler alert: Haven't used it yet; highly insulted [but amused] at the utter LACK of honesty in the glowing descriptions. The tube states CLEARLY that the cream is designed for anorectal pain. . . but ALL of the descriptions/testimonials, which I used while making my selection, refer to pain from tattoos, microblading, lip injections, and other cosmetic procedures. It's called ""Base Numb"" -- guess, literally, it WOULD numb someone's ""base."" But the advertising is HIGHLY deceptive.",1,-,-,https://www.amazon.com/gp/customer-reviews/RLI0WPSY8LYRD/ref=cm_cr_getr_d_rvw_ttl?ie=UTF8&ASIN=B082WYC6JP,B082WYC6JP,Size: 4 Fl Oz (Pack of 1)
"Reviewed in the United States on May 20, 2022",Kaley Calderon,yes,yes,Doesn‚Äôt work,"This cream doesn‚Äôt work at all. I let it sit in my leg for an hour and I wrapped it before my tattoo apt, and I felt everything. I can handle the tattoo pain but the point is the cream didn‚Äôt numb The area at all. Don‚Äôt waste your time and money on this product",1,-,-,https://www.amazon.com/gp/customer-reviews/RHBBE5JDCF1MJ/ref=cm_cr_getr_d_rvw_ttl?ie=UTF8&ASIN=B082WYC6JP,B082WYC6JP,Size: 4 Fl Oz (Pack of 1)
"Reviewed in the United States on December 30, 2021",Dina,yes,yes,terrible,I went for a tattoo today- I prepped with this. It felt like Icy Hot and did not numb my skin AT ALL. This is terrible.  Sat through 4 hours of pain ( I know  tattoos are supposed to hurt) when I should have had some numbness for some of the time. NOTHING not one minute- Just Icy hot on the surface.,1,-,-,https://www.amazon.com/gp/customer-reviews/R1ILVUTOKGWHY9/ref=cm_cr_getr_d_rvw_ttl?ie=UTF8&ASIN=B082WYC6JP,B082WYC6JP,Size: 4 Fl Oz (Pack of 1)
"Reviewed in the United States on July 5, 2021",casper,yes,yes,waste of money,preparing for a tattoo... I tested on my skin two times and used a straight pin to test the area. both times I felt the needle.  Wish I had not listened to my friend when she said she read the reviews and they were g**d. This was a total waste of money.  I was trying to be careful with my choice of words hoping not to be confused with the use of the word g**d when it's not.,1,-,-,https://www.amazon.com/gp/customer-reviews/RWK2QCXH259YF/ref=cm_cr_getr_d_rvw_ttl?ie=UTF8&ASIN=B082WYC6JP,B082WYC6JP,Size: 4 Fl Oz (Pack of 1)
"Reviewed in the United States on March 22, 2022",Shanica Cook,yes,yes,Doesn't work at all!,I purchased this product in hopes of no pain with this cream. I applied 3 to 4 layers of this stuff and I still felt every needle as if I had applied nothing. I highly do not recommend this product. It's a waste of money! And time.,1,-,-,https://www.amazon.com/gp/customer-reviews/R2E4OXM7B0D8PU/ref=cm_cr_getr_d_rvw_ttl?ie=UTF8&ASIN=B082WYC6JP,B082WYC6JP,Size: 4 Fl Oz (Pack of 1)
"Reviewed in the United States on January 14, 2022",jan,yes,yes,The formula seems to have changed,I used to like this product.  The last 3 I purchased had a strong menthol odor and did not seem to numb like it used to.  I do not like what has happened to this product and no longer recommend it.,1,-,-,https://www.amazon.com/gp/customer-reviews/R1LPWXM1UKQ4I6/ref=cm_cr_getr_d_rvw_ttl?ie=UTF8&ASIN=B082WYC6JP,B082WYC6JP,Size: 4 Fl Oz (Pack of 1)
"Reviewed in the United States on January 20, 2021",Amanda,yes,yes,Does not Work,I was excited to use this for waxing because I have such a low tolerance for pain. I applied this the night before and 1hour prior to my appt. let me tell you... the waxer left with a scratch and a kick to her body. Nothing happened. Waste of money and time.,1,-,-,https://www.amazon.com/gp/customer-reviews/R3E0VRC5YRTRM4/ref=cm_cr_getr_d_rvw_ttl?ie=UTF8&ASIN=B082WYC6JP,B082WYC6JP,Size: 4 Fl Oz (Pack of 1)
"Reviewed in the United States on June 6, 2022",Rayna CRayna C,yes,-,DOES NOT WORK,bought this for sleeve tattoo on arm and fully expected this to help subside pain. I WAS WRONG. this did ABSOLUTELY NOTHING. the on thing it did was break my arm completely  out into hives.,1,"https://m.media-amazon.com/images/I/61kobEHHgfL.jpg , https://m.media-amazon.com/images/I/71V0xV3tudL.jpg",-,https://www.amazon.com/gp/customer-reviews/R36QBB8QZCDVFX/ref=cm_cr_getr_d_rvw_ttl?ie=UTF8&ASIN=B082WYC6JP,B082WYC6JP,Size: 4 Fl Oz (Pack of 1)
"Reviewed in the United States on May 11, 2022",skylerskyler,yes,-,Didn‚ÄôtWORK I was in so much pain I couldn‚Äôt get my color !! Now I‚Äôll have to go back in two weeks ü•π,-,1,https://m.media-amazon.com/images/I/71Z9BAvTpmL.jpg,-,https://www.amazon.com/gp/customer-reviews/R22J08HXFHHAF1/ref=cm_cr_getr_d_rvw_ttl?ie=UTF8&ASIN=B082WYC6JP,B082WYC6JP,Size: 4 Fl Oz (Pack of 1)
"Reviewed in the United States on April 28, 2022",iluminada cardonailuminada cardona,yes,-,Base numb cream,Does not work AT ALL I did exactly per the directions.  Total waste of money.,1,https://m.media-amazon.com/images/I/61yCESmJyUL.jpg,-,https://www.amazon.com/gp/customer-reviews/R15B1TNB5VTV8U/ref=cm_cr_getr_d_rvw_ttl?ie=UTF8&ASIN=B082WYC6JP,B082WYC6JP,Size: 4 Fl Oz (Pack of 1)
"Reviewed in the United States on May 25, 2021",KenndieKenndie,yes,-,Damage,This is my second order tubes are damaged,1,https://images-na.ssl-images-amazon.com/images/I/B1kGZf1H-WS.jpg,-,https://www.amazon.com/gp/customer-reviews/R74IBAMN9I6T/ref=cm_cr_getr_d_rvw_ttl?ie=UTF8&ASIN=B082WYC6JP,B082WYC6JP,Size: 4 Fl Oz (Pack of 1)
"Reviewed in the United States on May 20, 2021",Ayla M.Ayla M.,yes,-,Seriously!?! WTF,"I have not used it yet, OBVIOUSLY, since this is howni received it! I'm going to try and salvage whatever I can maybe IDK yet but I'm super pissed!",1,"https://images-na.ssl-images-amazon.com/images/I/B1FyQ16T-cS.jpg , https://images-na.ssl-images-amazon.com/images/I/B1noQsH9BIS.jpg",-,https://www.amazon.com/gp/customer-reviews/R3WTSYCPV1APX/ref=cm_cr_getr_d_rvw_ttl?ie=UTF8&ASIN=B082WYC6JP,B082WYC6JP,Size: 4 Fl Oz (Pack of 1)
"Reviewed in the United States on July 9, 2022",Brent M FullerBrent M Fuller,yes,-,This is a Anolrectal numbing agent.,"Let's be clear about one thing. This is not a product developed primarily for Tattoos. This is a numbing agent developed for the Anorectal area. It does work and gives roughly 5-7 hours of relief. Nowhere on the label or directions does this product specify tattoo healing, relief or care.",3,https://m.media-amazon.com/images/I/71fdKMiF2BL.jpg,-,https://www.amazon.com/gp/customer-reviews/R2C5RHC2UM8U3R/ref=cm_cr_getr_d_rvw_ttl?ie=UTF8&ASIN=B082WYC6JP,B082WYC6JP,Size: 4 Fl Oz (Pack of 1)
"Reviewed in the United States on June 30, 2021",Kya AmackerKya Amacker,yes,-,It dose not make painless tattoo..,It does not make it painless tattoo although it does help take the pain away a little bit faster than without it but I am still disappointed y'all make it seem like you would have a painless tattoo to begin with but you feel every bit of it,3,"https://images-na.ssl-images-amazon.com/images/I/C1aVH-+AJdS.jpg , https://images-na.ssl-images-amazon.com/images/I/C1hIw9yCEaS.jpg",-,https://www.amazon.com/gp/customer-reviews/R1ANZ9KH7VEYU6/ref=cm_cr_getr_d_rvw_ttl?ie=UTF8&ASIN=B082WYC6JP,B082WYC6JP,Size: 4 Fl Oz (Pack of 1)
"Reviewed in the United States on March 18, 2021",barbara machadobarbara machado,yes,-,The cream was leaking from thru the raper,N/a,3,"https://images-na.ssl-images-amazon.com/images/I/C1FnEeRnrAS.jpg , https://images-na.ssl-images-amazon.com/images/I/C1GW0ZT2AoS.jpg",-,https://www.amazon.com/gp/customer-reviews/R16R2MAQNQCRO3/ref=cm_cr_getr_d_rvw_ttl?ie=UTF8&ASIN=B082WYC6JP,B082WYC6JP,Size: 4 Fl Oz (Pack of 1)
"Reviewed in the United States on July 20, 2023",Simone,yes,-,No funciona,"Dej√© el tiempo necesario, pero aun as√≠ mi paciente sinti√≥ dolor. Descartada",1,-,-,https://www.amazon.com/gp/customer-reviews/RD345VZRC25B4/ref=cm_cr_getr_d_rvw_ttl?ie=UTF8&ASIN=B082WYC6JP,B082WYC6JP,Size: 4 Fl Oz (Pack of 1)
"Reviewed in the United States on June 20, 2023",Roger K.,yes,-,Does not work at all for me.,"For me does not work at all, Zero pain relief for me it is like a lotion and thats it, but it might work for other people.",1,-,-,https://www.amazon.com/gp/customer-reviews/R1G02A7SNMKKGS/ref=cm_cr_getr_d_rvw_ttl?ie=UTF8&ASIN=B082WYC6JP,B082WYC6JP,Size: 4 Fl Oz (Pack of 1)
"Reviewed in the United States on June 10, 2023",Alyssa T. Phipps,yes,-,Does not work,I tried this out in multiple ways in multiple areas for different periods of time and the nun of those areas ever got numb don't waste ur time or money,1,-,-,https://www.amazon.com/gp/customer-reviews/R1AGSREQ95B85V/ref=cm_cr_getr_d_rvw_ttl?ie=UTF8&ASIN=B082WYC6JP,B082WYC6JP,Size: 4 Fl Oz (Pack of 1)
"Reviewed in the United States on June 2, 2023",Raven,yes,-,Does not work,"The cream did not numb anything I still felt pain after several hours, all it did was make me sticky.",1,-,-,https://www.amazon.com/gp/customer-reviews/RJGJHSVP3MB6Q/ref=cm_cr_getr_d_rvw_ttl?ie=UTF8&ASIN=B082WYC6JP,B082WYC6JP,Size: 4 Fl Oz (Pack of 1)
"Reviewed in the United States on May 31, 2023",Marshall Converse,yes,-,Don‚Äôt waste your money,Bought this to help my son when he gets tattooed. Have used it myself as well as 2 others and all agree it didn‚Äôt do anything at all.That being said I may keep it for the placebo effect on others. Just as a lil experiment if ya will,1,-,-,https://www.amazon.com/gp/customer-reviews/R2XXLBY9DZFC2G/ref=cm_cr_getr_d_rvw_ttl?ie=UTF8&ASIN=B082WYC6JP,B082WYC6JP,Size: 4 Fl Oz (Pack of 1)
"Reviewed in the United States on May 30, 2023",Michael Eckert,yes,-,Doesn't work anymore,"I've bought this product several times over a couple years. But this most recent time, I noticed it basically doesn't do anything. There is no numbing or pain relieving sensation anymore. Also, the cream is of a slightly different color and consistency now (not that that matters, just an observation.) Will not be using this brand again.",1,-,-,https://www.amazon.com/gp/customer-reviews/RGVESOA5C7R64/ref=cm_cr_getr_d_rvw_ttl?ie=UTF8&ASIN=B082WYC6JP,B082WYC6JP,Size: 4 Fl Oz (Pack of 1)
"Reviewed in the United States on May 8, 2023",ESBEYDE,yes,-,The formula change,"I got a 1st bottle and it was really good for my laser time then I got a second one but it sucks because the formula change and is not numb at all, I am very disappointed",1,-,-,https://www.amazon.com/gp/customer-reviews/R16FTDYIYSNGS6/ref=cm_cr_getr_d_rvw_ttl?ie=UTF8&ASIN=B082WYC6JP,B082WYC6JP,Size: 4 Fl Oz (Pack of 1)
"Reviewed in the United States on April 14, 2023",YoYo,yes,-,Doesn‚Äôt work,Does not work,1,-,-,https://www.amazon.com/gp/customer-reviews/R7WMIE1MLN1WG/ref=cm_cr_getr_d_rvw_ttl?ie=UTF8&ASIN=B082WYC6JP,B082WYC6JP,Size: 4 Fl Oz (Pack of 1)
"Reviewed in the United States on April 12, 2023",Brittany,yes,-,Sucks,Does not numb anything good lotion though,1,-,-,https://www.amazon.com/gp/customer-reviews/R3D8AFNHCDAZTC/ref=cm_cr_getr_d_rvw_ttl?ie=UTF8&ASIN=B082WYC6JP,B082WYC6JP,Size: 4 Fl Oz (Pack of 1)
"Reviewed in the United States on March 19, 2023",Kelsey Simpson,yes,-,Does not numb,Doesn't numb any areas,1,-,-,https://www.amazon.com/gp/customer-reviews/R1L873X73BSZAN/ref=cm_cr_getr_d_rvw_ttl?ie=UTF8&ASIN=B082WYC6JP,B082WYC6JP,Size: 4 Fl Oz (Pack of 1)
"Reviewed in the United States on March 11, 2023",Dee Knox,yes,-,Numbness,"I did a test run lastnight and waited 30 minutes and still felt no numbness. Woke up this morning and used it again nothing different, it's not worth it.",1,-,-,https://www.amazon.com/gp/customer-reviews/RTAH656NJPFB4/ref=cm_cr_getr_d_rvw_ttl?ie=UTF8&ASIN=B082WYC6JP,B082WYC6JP,Size: 4 Fl Oz (Pack of 1)
"Reviewed in the United States on June 14, 2022",wendy andujar,yes,-,no entumece,no hace ningun efecto,1,-,-,https://www.amazon.com/gp/customer-reviews/R3G81E4L2LNGZ7/ref=cm_cr_getr_d_rvw_ttl?ie=UTF8&ASIN=B082WYC6JP,B082WYC6JP,Size: 4 Fl Oz (Pack of 1)
"Reviewed in the United States on June 14, 2022",America,yes,-,Sadly did not work,I ensured to follow how it‚Äôs done online from others who has numb cream that worked. Layered thick with plastic wrap and left on for the recommended time. Did nothing‚Ä¶ felt the same as of I didn‚Äôt have it on.If anything it made it worse as the cream kept the stencil from adhering properly.DO NOT RECOMMEND,1,-,-,https://www.amazon.com/gp/customer-reviews/R1SNHXFZOPF46R/ref=cm_cr_getr_d_rvw_ttl?ie=UTF8&ASIN=B082WYC6JP,B082WYC6JP,Size: 4 Fl Oz (Pack of 1)
"Reviewed in the United States on June 12, 2022",Denny N,yes,-,Not worth it,The product did not work at all. Used it for pain relief and it did nothing. Used it again just to make sure and still nothing.,1,-,-,https://www.amazon.com/gp/customer-reviews/RCJFRF2TVV4LK/ref=cm_cr_getr_d_rvw_ttl?ie=UTF8&ASIN=B082WYC6JP,B082WYC6JP,Size: 4 Fl Oz (Pack of 1)
"Reviewed in the United States on June 12, 2022",Maya,yes,-,Didn't Work,Went and got a tattoo done and this stuff did not numb ANYTHING at all. It said it would take about an hour to be at peak effectiveness but it numbed nothing! Really disappointed.,1,-,-,https://www.amazon.com/gp/customer-reviews/R2CZ64K08BCJ2G/ref=cm_cr_getr_d_rvw_ttl?ie=UTF8&ASIN=B082WYC6JP,B082WYC6JP,Size: 4 Fl Oz (Pack of 1)
"Reviewed in the United States on June 11, 2022",Andrea Hudgins,yes,-,Didn‚Äôt work at all,I applied it 2 hours before and it didn‚Äôt numb me at all,1,-,-,https://www.amazon.com/gp/customer-reviews/R2EAS42L2PJK7V/ref=cm_cr_getr_d_rvw_ttl?ie=UTF8&ASIN=B082WYC6JP,B082WYC6JP,Size: 4 Fl Oz (Pack of 1)
"Reviewed in the United States on June 9, 2022",Amazon Customer,yes,-,Nope,Doesn‚Äôt work,1,-,-,https://www.amazon.com/gp/customer-reviews/R2SKPG8TPDZ62N/ref=cm_cr_getr_d_rvw_ttl?ie=UTF8&ASIN=B082WYC6JP,B082WYC6JP,Size: 4 Fl Oz (Pack of 1)
"Reviewed in the United States on June 8, 2022",Zeek ramon,yes,-,Not good,I order it last night and got it tonight . I applied it for 2 hours and then re applied it and it didn‚Äôt work 1/10 Dotn recommend,1,-,-,https://www.amazon.com/gp/customer-reviews/R1S04ST99FNNEH/ref=cm_cr_getr_d_rvw_ttl?ie=UTF8&ASIN=B082WYC6JP,B082WYC6JP,Size: 4 Fl Oz (Pack of 1)
"Reviewed in the United States on June 7, 2022",Marlon A.,yes,-,No sirve,Sent√≠ todo el dolor del mundo!,1,-,-,https://www.amazon.com/gp/customer-reviews/R3J76F4ZI5LCQA/ref=cm_cr_getr_d_rvw_ttl?ie=UTF8&ASIN=B082WYC6JP,B082WYC6JP,Size: 4 Fl Oz (Pack of 1)
"Reviewed in the United States on June 7, 2022",Kelli,yes,-,Didn‚Äôt numb,"Got a large tattoo for my dad who just passed. I‚Äôm good at handling pain, but this didn‚Äôt numb anything.",1,-,-,https://www.amazon.com/gp/customer-reviews/R1DS9I2RW2QXO4/ref=cm_cr_getr_d_rvw_ttl?ie=UTF8&ASIN=B082WYC6JP,B082WYC6JP,Size: 4 Fl Oz (Pack of 1)
"Reviewed in the United States on June 6, 2022",Maurice Thompson,yes,-,This did not work at all!,I got a new tattoo. No pain relief at all!,1,-,-,https://www.amazon.com/gp/customer-reviews/RTPJMDGT7TZRR/ref=cm_cr_getr_d_rvw_ttl?ie=UTF8&ASIN=B082WYC6JP,B082WYC6JP,Size: 4 Fl Oz (Pack of 1)
"Reviewed in the United States on June 3, 2022",Khalil Gibran,yes,-,Contains menthol - burns terribly,"I wish I had read the ingredients more closely. In addition to lidocaine, this product contains menthol. If your hemorrhoids are already burning, DO NOT USE THIS product. The menthol makes them and the surrounding tissue burn more. After applying cold compresses to the area to put out the fire, I threw the tube in the trash. Lesson learned.",1,-,-,https://www.amazon.com/gp/customer-reviews/R1TJY66CVMMUDZ/ref=cm_cr_getr_d_rvw_ttl?ie=UTF8&ASIN=B082WYC6JP,B082WYC6JP,Size: 4 Fl Oz (Pack of 1)
"Reviewed in the United States on June 12, 2023",Music Lover,yes,-,Got some kind of menthol in it,I don't like extra stuff in the stuff I use. I use this for hemorrhoids and I don't like the tingle of menthol. I found a better product Curist 5% Lidocaine Cream Maximum Strength Topical Pain Relief - 6 oz (170 g) XL Tube at a much better price with no funky additives.,2,-,-,https://www.amazon.com/gp/customer-reviews/R31N7R5JYWRGC0/ref=cm_cr_getr_d_rvw_ttl?ie=UTF8&ASIN=B082WYC6JP,B082WYC6JP,Size: 4 Fl Oz (Pack of 1)
"Reviewed in the United States on May 10, 2023",MSRMH Miami,yes,-,All the feels still there.,Not strong enough.  I don't feel numb at all.  I put it on thick wrapped with plastic.  Still felt intensity of pain.,2,-,-,https://www.amazon.com/gp/customer-reviews/RDG1FOVVGJXV4/ref=cm_cr_getr_d_rvw_ttl?ie=UTF8&ASIN=B082WYC6JP,B082WYC6JP,Size: 4 Fl Oz (Pack of 1)
"Reviewed in the United States on June 2, 2022",Mckenzie Riggin,yes,-,Didn‚Äôt work,Applied and received applied it never took effect for me.,2,-,-,https://www.amazon.com/gp/customer-reviews/R30QH4DSTO4IOK/ref=cm_cr_getr_d_rvw_ttl?ie=UTF8&ASIN=B082WYC6JP,B082WYC6JP,Size: 4 Fl Oz (Pack of 1)
"Reviewed in the United States on May 27, 2022",JRP,yes,-,"Same active ingredients, different results.",It slightly takes the edge off at best for tattoos.,2,-,-,https://www.amazon.com/gp/customer-reviews/RL0V9XPGAW90X/ref=cm_cr_getr_d_rvw_ttl?ie=UTF8&ASIN=B082WYC6JP,B082WYC6JP,Size: 4 Fl Oz (Pack of 1)
"Reviewed in the United States on April 27, 2022",Danyell,yes,-,It doesn‚Äôt work,I dislike it because it didn‚Äôt work I use this product to get a piercing done but it didn‚Äôt work at all,2,-,-,https://www.amazon.com/gp/customer-reviews/RXFZC7O3H5DU3/ref=cm_cr_getr_d_rvw_ttl?ie=UTF8&ASIN=B082WYC6JP,B082WYC6JP,Size: 4 Fl Oz (Pack of 1)
"Reviewed in the United States on February 16, 2022",Betty,yes,-,Doesn't Numb,I follow the directions and didn't work! Didn't numb the area where I was getting a tattoo!,2,-,-,https://www.amazon.com/gp/customer-reviews/RNG9KU2EJ73Z0/ref=cm_cr_getr_d_rvw_ttl?ie=UTF8&ASIN=B082WYC6JP,B082WYC6JP,Size: 4 Fl Oz (Pack of 1)
"Reviewed in the United States on February 15, 2022",SHOELACES,yes,-,Non-effective,Put a generous anout on 1 and 2 hours ahead of what i need it for even wrapped it. And still didnt numb compared to others sold on Amazon,2,-,-,https://www.amazon.com/gp/customer-reviews/R2EGMIGXDBWLNT/ref=cm_cr_getr_d_rvw_ttl?ie=UTF8&ASIN=B082WYC6JP,B082WYC6JP,Size: 4 Fl Oz (Pack of 1)
"Reviewed in the United States on February 14, 2022",Seth French,yes,-,Does not numb as well as others.,"Doesn't work well. I have used different types of numbing cream and the best by far is ""Zensa."" The Base Labs numbing cream is not worth the buy.",2,-,-,https://www.amazon.com/gp/customer-reviews/RUY12QMGYFQY6/ref=cm_cr_getr_d_rvw_ttl?ie=UTF8&ASIN=B082WYC6JP,B082WYC6JP,Size: 4 Fl Oz (Pack of 1)
"Reviewed in the United States on February 13, 2022",ashley parrish,yes,-,"This does not numb, do not use this for tattoos",It smells like bengay which is a muscle cream for those of you who don‚Äôt know that.  I kept the cream on for 30 minutes wrapped in Saran Wrap. It. Does. Not. Numb. I‚Äôm only testing it bc I didn‚Äôt want to try something new the day of my tattoo. Thank God I did. This is false advertising haha.,2,-,-,https://www.amazon.com/gp/customer-reviews/R39HWUCN66JA6G/ref=cm_cr_getr_d_rvw_ttl?ie=UTF8&ASIN=B082WYC6JP,B082WYC6JP,Size: 4 Fl Oz (Pack of 1)
"Reviewed in the United States on January 13, 2022",Ofelia Smith,yes,-,Did not work,"Product did not work, paper that comes with product says keep product wrapped for 15 minutes but was not working so tried letting it sit for up to an hour wrapped and still did not work. Waste of money.",2,-,-,https://www.amazon.com/gp/customer-reviews/R21S70DM4GWHQ4/ref=cm_cr_getr_d_rvw_ttl?ie=UTF8&ASIN=B082WYC6JP,B082WYC6JP,Size: 4 Fl Oz (Pack of 1)
"Reviewed in the United States on January 12, 2022",Amazon Customer,yes,-,Doesnt work for waxing,I've tried this twice now and both times i applied a hour before waxing and both times i didn't get numb.  Not even a little bit. All it does is give an icy hot/bengay feeling,2,-,-,https://www.amazon.com/gp/customer-reviews/R1LBFZPGOHGMQ1/ref=cm_cr_getr_d_rvw_ttl?ie=UTF8&ASIN=B082WYC6JP,B082WYC6JP,Size: 4 Fl Oz (Pack of 1)
"Reviewed in the United States on January 3, 2022",Quisla,yes,-,It does NOTHING!,It does NOTHING,2,-,-,https://www.amazon.com/gp/customer-reviews/RQELW6QB4CUFF/ref=cm_cr_getr_d_rvw_ttl?ie=UTF8&ASIN=B082WYC6JP,B082WYC6JP,Size: 4 Fl Oz (Pack of 1)
"Reviewed in the United States on December 30, 2021",Jennifer smith,yes,-,Didn't really work just barely,Barely worked for a few seconds feel like I wasted my money,2,-,-,https://www.amazon.com/gp/customer-reviews/R1HFW13OKJML9V/ref=cm_cr_getr_d_rvw_ttl?ie=UTF8&ASIN=B082WYC6JP,B082WYC6JP,Size: 4 Fl Oz (Pack of 1)
"Reviewed in the United States on November 9, 2021",Linda E. Wightman,yes,-,Used to be odorless - why did you change????,"First, the formula works great at relieving severe burn/itch and there is no grittiness to the cream like so many other numbing creams.  And I have tried them all for an unrelenting itchy burning rash I permanently have after a case of swimmer's itch.  Base Numb absorbs in and works extremely well.  My biggest complaint is that they have sadly changed the formula - why change something that was working so well?  It used to be a white cream with absolutely no oder.  It was perfect.  I could have it on without anyone else noticing.  Now it smells like ben-gay and has a yellow tint to it - very disappointing.  Please go back to your odorless formula that was so perfect.",2,-,-,https://www.amazon.com/gp/customer-reviews/R1VR0C5W68CKKV/ref=cm_cr_getr_d_rvw_ttl?ie=UTF8&ASIN=B082WYC6JP,B082WYC6JP,Size: 4 Fl Oz (Pack of 1)
"Reviewed in the United States on August 20, 2021",JC Harvey,yes,-,It did not numb area at all,No numbing,2,-,-,https://www.amazon.com/gp/customer-reviews/R2EFBCKQDA6XJS/ref=cm_cr_getr_d_rvw_ttl?ie=UTF8&ASIN=B082WYC6JP,B082WYC6JP,Size: 4 Fl Oz (Pack of 1)
"Reviewed in the United States on August 18, 2021",Kookie,yes,-,Didn‚Äôt stay numb,Put cream on didn‚Äôt stay numb for long enough wasn‚Äôt worth the money,2,-,-,https://www.amazon.com/gp/customer-reviews/R1V987XI09CS4K/ref=cm_cr_getr_d_rvw_ttl?ie=UTF8&ASIN=B082WYC6JP,B082WYC6JP,Size: 4 Fl Oz (Pack of 1)
"Reviewed in the United States on August 12, 2021",NikNak,yes,-,Don't buy,Does not work. I have used lidocaine and this is not that. Waste of money,2,-,-,https://www.amazon.com/gp/customer-reviews/R25OLGKM2VM1JK/ref=cm_cr_getr_d_rvw_ttl?ie=UTF8&ASIN=B082WYC6JP,B082WYC6JP,Size: 4 Fl Oz (Pack of 1)
"Reviewed in the United States on August 11, 2021",Mrs Mc Auley,yes,-,Doesn't work,Value for money is great you get a good sized tube but is not numbing at all total waste,2,-,-,https://www.amazon.com/gp/customer-reviews/REEOPUMAPA4BB/ref=cm_cr_getr_d_rvw_ttl?ie=UTF8&ASIN=B082WYC6JP,B082WYC6JP,Size: 4 Fl Oz (Pack of 1)
"Reviewed in the United States on July 6, 2021",David,yes,-,Didn't Work For Me,"I may just be insensitive, but this product did not numb my skin.  I used it as a pretreatment for an injection I have to give myself periodically and after several uses I relegated it to basic hand lotion status.  Expensive hand lotion but it is pretty good for that.",2,-,-,https://www.amazon.com/gp/customer-reviews/RI1X4OZA5YYVT/ref=cm_cr_getr_d_rvw_ttl?ie=UTF8&ASIN=B082WYC6JP,B082WYC6JP,Size: 4 Fl Oz (Pack of 1)
"Reviewed in the United States on June 26, 2021",Amazon Customer,yes,-,It dont work waste of money,The cream dont work at all dont waste your money on this cream. Its not worth it,2,-,-,https://www.amazon.com/gp/customer-reviews/R2T6VYBT6VGAVL/ref=cm_cr_getr_d_rvw_ttl?ie=UTF8&ASIN=B082WYC6JP,B082WYC6JP,Size: 4 Fl Oz (Pack of 1)
"Reviewed in the United States on March 9, 2021",Michelle,yes,-,Neh!,"Numbed very little, alot of product for the price, but what good is that if it doesn't work. Wouldn't buy again! Much better products out there.",2,-,-,https://www.amazon.com/gp/customer-reviews/R386CDM9LBM826/ref=cm_cr_getr_d_rvw_ttl?ie=UTF8&ASIN=B082WYC6JP,B082WYC6JP,Size: 4 Fl Oz (Pack of 1)
"Reviewed in the United States on February 6, 2021",SmokeyladyAmazon Customer,yes,-,Not as effective,This product is not as effective as the previous product I had used! I like Numb Master 5% lidocaine better! I use this before micro needling and it‚Äôs good!,2,-,-,https://www.amazon.com/gp/customer-reviews/R3W0LFLNNEW5WQ/ref=cm_cr_getr_d_rvw_ttl?ie=UTF8&ASIN=B082WYC6JP,B082WYC6JP,Size: 4 Fl Oz (Pack of 1)
"Reviewed in the United States on January 19, 2021",Ericka Lovell,yes,-,Don't buy,It simply didn't work.,2,-,-,https://www.amazon.com/gp/customer-reviews/RHMJU9FEZNR7M/ref=cm_cr_getr_d_rvw_ttl?ie=UTF8&ASIN=B082WYC6JP,B082WYC6JP,Size: 4 Fl Oz (Pack of 1)
"Reviewed in the United States on July 22, 2020",Merzouk Ali,yes,-,Im sorry but ...,The product in the picture doesn't match whats on reviews i used this product and i think my case is getting worst,2,-,-,https://www.amazon.com/gp/customer-reviews/R2SIX1TVPROP0V/ref=cm_cr_getr_d_rvw_ttl?ie=UTF8&ASIN=B082WYC6JP,-,-
"Reviewed in the United States on July 20, 2020",Sarah cerrillo,yes,-,Not a good product,This product does NOT work.,2,-,-,https://www.amazon.com/gp/customer-reviews/R2VBF24T82PXRU/ref=cm_cr_getr_d_rvw_ttl?ie=UTF8&ASIN=B082WYC6JP,B082WYC6JP,Size: 4 Fl Oz (Pack of 1)
"Reviewed in the United States on May 18, 2023",Mykel Wyman,yes,-,Okay,"Works well for the first few minutes, then doesn't do anything. That, or my artist used it wrong",3,-,-,https://www.amazon.com/gp/customer-reviews/R2XPQN06IGUHOW/ref=cm_cr_getr_d_rvw_ttl?ie=UTF8&ASIN=B082WYC6JP,B082WYC6JP,Size: 4 Fl Oz (Pack of 1)
"Reviewed in the United States on March 25, 2023",Mona J,yes,-,It‚Äôs aight,I still felt the pain,3,-,-,https://www.amazon.com/gp/customer-reviews/RPZB43UMMESVH/ref=cm_cr_getr_d_rvw_ttl?ie=UTF8&ASIN=B082WYC6JP,B082WYC6JP,Size: 4 Fl Oz (Pack of 1)
"Reviewed in the United States on September 2, 2022",Lavon R.,yes,-,Didn't do much,Didn't do much for a tattoo. I've used others that work much better,3,-,-,https://www.amazon.com/gp/customer-reviews/R732Y2GEW9J10/ref=cm_cr_getr_d_rvw_ttl?ie=UTF8&ASIN=B082WYC6JP,B082WYC6JP,Size: 4 Fl Oz (Pack of 1)
"Reviewed in the United States on June 17, 2022",Uliniya Snegireff,yes,-,Numbing isn't as intense,"Scent is fine, found that the numbing is not that intense as id like",3,-,-,https://www.amazon.com/gp/customer-reviews/R26KDGPIOW5VA0/ref=cm_cr_getr_d_rvw_ttl?ie=UTF8&ASIN=B082WYC6JP,B082WYC6JP,Size: 4 Fl Oz (Pack of 1)
"Reviewed in the United States on June 12, 2022",J of AT,yes,-,"Too much fragrance, too little relief","This unfortunately does not smell like the ingredients listed and has more of a perfume fragrance. While I did feel numbing on my fingertips after applying for an epilator session, it didn‚Äôt do the trick and the relief was very superficial. The product itself says it‚Äôs an Anorectal Cream, perhaps it works for that purpose, but not sure it‚Äôs helpful for any of the advertised uses. I would try again, but the fragrance is too heavy and hard to get rid of to risk it.",3,-,-,https://www.amazon.com/gp/customer-reviews/R3ELWPO9WUMGQJ/ref=cm_cr_getr_d_rvw_ttl?ie=UTF8&ASIN=B082WYC6JP,B082WYC6JP,Size: 4 Fl Oz (Pack of 1)
"Reviewed in the United States on March 27, 2022",Nan_c,yes,-,Does not numb,"I followed instructions but unfortunately it does not numb the area. My skin is sensitive and use an epilator on my legs, but the cream did not function as needed.",3,-,-,https://www.amazon.com/gp/customer-reviews/R2C2EY7DQ1Z6CC/ref=cm_cr_getr_d_rvw_ttl?ie=UTF8&ASIN=B082WYC6JP,B082WYC6JP,Size: 4 Fl Oz (Pack of 1)
"Reviewed in the United States on February 28, 2022",Brittany,yes,-,worked then it didn't,"Now this one may be on me completely, but I initially tried this product on my leg as a test patch for hair removal. It seamed to work just fine and for the most part took away about 90% of the pain.The next time I used it, it did nothing. I used exactly as instructed (except for the wrap) and I could definitely feel everything.I will try again with wrap and even in the shower to open the pores more and hope that helps. Once, I do so then I will update my review.Also, keep in mind every body is different so this just may not have as much effect on me as it would someone else.",3,-,-,https://www.amazon.com/gp/customer-reviews/R1KJV4RJST0VC1/ref=cm_cr_getr_d_rvw_ttl?ie=UTF8&ASIN=B082WYC6JP,B082WYC6JP,Size: 4 Fl Oz (Pack of 1)
"Reviewed in the United States on February 12, 2022",Kierra,yes,-,Fine,It didn‚Äôt really numb my body for my tattoo,3,-,-,https://www.amazon.com/gp/customer-reviews/R34UKMRBN6J3GY/ref=cm_cr_getr_d_rvw_ttl?ie=UTF8&ASIN=B082WYC6JP,B082WYC6JP,Size: 4 Fl Oz (Pack of 1)
"Reviewed in the United States on February 3, 2022",T Rob,yes,-,Doesn't last long,"Used for tattoo session, relief lasted less than an hour and wasn't full relief.",3,-,-,https://www.amazon.com/gp/customer-reviews/R3TWKBT896Q4FQ/ref=cm_cr_getr_d_rvw_ttl?ie=UTF8&ASIN=B082WYC6JP,B082WYC6JP,Size: 4 Fl Oz (Pack of 1)
"Reviewed in the United States on December 25, 2021",Angie Miner,yes,-,Numbing ü§î,Didn‚Äôt feel any numbing effects,3,-,-,https://www.amazon.com/gp/customer-reviews/R5G5U2BJO13JN/ref=cm_cr_getr_d_rvw_ttl?ie=UTF8&ASIN=B082WYC6JP,B082WYC6JP,Size: 4 Fl Oz (Pack of 1)
"Reviewed in the United States on October 12, 2021",Patsy K.,yes,-,Really works,It really works as long as you apply it before the area is painful. The only problem was the price. I need to use it frequently and the cost is quite a bit more than what it could be,3,-,-,https://www.amazon.com/gp/customer-reviews/R1V5J9779B7N8G/ref=cm_cr_getr_d_rvw_ttl?ie=UTF8&ASIN=B082WYC6JP,-,-
"Reviewed in the United States on September 27, 2021",michelle young,yes,-,dont really work until 3 hrs later,dont work fast at all 3hrs,3,-,-,https://www.amazon.com/gp/customer-reviews/R1INIVFPZW0EW1/ref=cm_cr_getr_d_rvw_ttl?ie=UTF8&ASIN=B082WYC6JP,B082WYC6JP,Size: 4 Fl Oz (Pack of 1)
"Reviewed in the United States on September 10, 2021",Amazon Customer,yes,-,Does not work for me,This doesn‚Äôt seem to work for me.,3,-,-,https://www.amazon.com/gp/customer-reviews/RPH6H9DD536PL/ref=cm_cr_getr_d_rvw_ttl?ie=UTF8&ASIN=B082WYC6JP,B082WYC6JP,Size: 4 Fl Oz (Pack of 1)
"Reviewed in the United States on July 17, 2021",Jason bloomfield,yes,-,Customer service was great.,"It didn't work the best but when I told the company about it, they made it right with me.",3,-,-,https://www.amazon.com/gp/customer-reviews/R1JUUPEZ5JKPC3/ref=cm_cr_getr_d_rvw_ttl?ie=UTF8&ASIN=B082WYC6JP,B082WYC6JP,Size: 4 Fl Oz (Pack of 1)
"Reviewed in the United States on July 2, 2021",John Haygood,yes,-,Tattoos are supposed to hurt a little...ü§òüèºüíÄ,"Bought this for my tattooing and the reviews alot said it worked really well for them by applying and plastic wrapping for 30 to 45 mins that it lasted for w and 3 hour sessions well the few ive applied it to and do so with beg to differ lol so I wkuld say be your own judge when reading others reviews about this product, I also have a tube of NumbSkin that works alot better but you do have to apply the same way as this just has to stay on skin longer than  this does.....thanks good luck and happy inking",3,-,-,https://www.amazon.com/gp/customer-reviews/R1WRID4QA0I7SV/ref=cm_cr_getr_d_rvw_ttl?ie=UTF8&ASIN=B082WYC6JP,B082WYC6JP,Size: 4 Fl Oz (Pack of 1)
"Reviewed in the United States on April 28, 2021",Adriana Cervantes,yes,-,Not worth it,Doesn‚Äôt even works,3,-,-,https://www.amazon.com/gp/customer-reviews/R2FXMCFE7TY2V7/ref=cm_cr_getr_d_rvw_ttl?ie=UTF8&ASIN=B082WYC6JP,B082WYC6JP,Size: 4 Fl Oz (Pack of 1)
"Reviewed in the United States on April 9, 2021",Jacqueline Hill,yes,-,Works,Works great but when I got it I didn‚Äôt notice the tube actually says for the rectum. Soooo,3,-,-,https://www.amazon.com/gp/customer-reviews/R1MC61XQ025OSZ/ref=cm_cr_getr_d_rvw_ttl?ie=UTF8&ASIN=B082WYC6JP,B082WYC6JP,Size: 4 Fl Oz (Pack of 1)
"Reviewed in the United States on March 24, 2023",Amazon Customer,-,-,Garbage Product,"Shortly after applying it has a cool burning sensation that leaves you under the impression that it‚Äôs beginning to work. It‚Äôs all a rouse, once the needle hits the skin you realize that all the pain is still there and you just purchased a gimmick garbage product. Don‚Äôt waste your money or time. Go buy Dr. Numb, it works and it‚Äôs worth the money.",1,-,-,https://www.amazon.com/gp/customer-reviews/RUAY126NNPMA5/ref=cm_cr_getr_d_rvw_ttl?ie=UTF8&ASIN=B082WYC6JP,B082WYC6JP,Size: 4 Fl Oz (Pack of 1)
"Reviewed in the United States on June 19, 2022",Ed,-,-,Made in China don't trust,Don't trust this company seems to be copying and using ingredients that can be contamination especially if Lysozyme is open to air can be a problem with its activity from cross contamination,1,-,-,https://www.amazon.com/gp/customer-reviews/R5QLXA99YOOUU/ref=cm_cr_getr_d_rvw_ttl?ie=UTF8&ASIN=B082WYC6JP,B082WYC6JP,Size: 4 Fl Oz (Pack of 1)
"Reviewed in the United States on May 17, 2022",S.B.A.T.S.,-,-,Maybe the formula changed with the packaging?,"I use a lot of options for numbing. Whenever I go with this one, the client reports that they still feel it, and within 5-10 minutes is wincing and holding it in - but their skin is already open, so there's little I can do at that point. The transparent gel doesn't seem to be as effective as opaque creams, even wrapped and given a half-hour. It doesn't appear to be as effective as spray either. I noticed they changed the packaging, maybe they've updated the formula too, but it hasn't lived up to its description for me so far.",2,-,-,https://www.amazon.com/gp/customer-reviews/R2ON5W3IYH2OWN/ref=cm_cr_getr_d_rvw_ttl?ie=UTF8&ASIN=B082WYC6JP,B082WYC6JP,Size: 4 Fl Oz (Pack of 1)
"Reviewed in the United States on October 22, 2021",Brian Prechtel,-,-,"Works, but heavily perfumed.","If you have any sensitivity to scents, don't get this. The floral scent is overpowering. It does work, though.",3,-,-,https://www.amazon.com/gp/customer-reviews/RJY44QPYL7NR9/ref=cm_cr_getr_d_rvw_ttl?ie=UTF8&ASIN=B082WYC6JP,B082WYC6JP,Size: 4 Fl Oz (Pack of 1)
"Reviewed in the United States on March 28, 2022",Kyra,yes,-,It doesn't work and is not worth the money,"I am very much upset with what I received. It did come in a decent size squeeze bottle but what does that matter when it doesn't even work. I put on a little to see if my skin would react and it didn't so that was good, but after a few hours nothing happened which made since due to it saying ""put a generous amount"". After that I put a glob on my skin just like what it said, but after an hour nothing happened. I did this 3 times and still nothing. I'm disappointed.",1,-,-,https://www.amazon.com/gp/customer-reviews/R1A2LW5SGXHF6X/ref=cm_cr_getr_d_rvw_ttl?ie=UTF8&ASIN=B082WYC6JP,B082WYC6JP,Size: 4 Fl Oz (Pack of 1)
"Reviewed in the United States on November 24, 2021",Do not apply before tattoo,yes,-,Do not use this product tattooing waste of money read the label it is a Butt cream!!,This was a complete waste of money Amazon sold as a bundle for tattoo numbing should never be applied to your skin if you‚Äôre going to get a tattoo read the label. ‚Äú Base numb‚Äù along with the small lettering Anorectal cream because I didn‚Äôt clearly ready it before applying and it made for a terrible session. My tattoo artist did some investigating on the product and why Amazon sells it as a numbing cream for tattooing is incorrect and I even read a couple reviews and trusted the product big lesson learned. The product is butt cream! Do not use on tattoo,1,-,-,https://www.amazon.com/gp/customer-reviews/R1ZUIXPP53NU1Y/ref=cm_cr_getr_d_rvw_ttl?ie=UTF8&ASIN=B082WYC6JP,B082WYC6JP,Size: 4 Fl Oz (Pack of 1)
"Reviewed in the United States on July 19, 2021",Joelle Arguello,yes,-,It did not work at all,This product did not perform to my expectations at all I never opened it until Sunday the 18th when I actually needed it and that was the last day I could return it so I‚Äôm stuck with product I don‚Äôt even need and does not work to my expectations the numbing products in it did not do what I expected it to do and I still had a tattoo session that was just painful without the cream as it was with the cream very disappointed will have to find a new numbing cream for my next tattoo,1,-,-,https://www.amazon.com/gp/customer-reviews/R2ZKOFI7LCSIJ0/ref=cm_cr_getr_d_rvw_ttl?ie=UTF8&ASIN=B082WYC6JP,B082WYC6JP,Size: 4 Fl Oz (Pack of 1)
"Reviewed in the United States on December 3, 2021",Tyler Boyd,yes,-,No Numbing not even a little,Applied generously an hour prior to tattoo with skin wrapped and only ever felt the minty feeling and never got numb.  My wrist is very disappointed with the lack of numbing prior to the coloring of my tattoo.  May work for some but there is another brand that costs a tad more and ACTUALLY numbs the skin for well over an hour if you apply only 1 hour prior.  Your mileage may vary.,1,-,-,https://www.amazon.com/gp/customer-reviews/R21KBULKV2COJJ/ref=cm_cr_getr_d_rvw_ttl?ie=UTF8&ASIN=B082WYC6JP,B082WYC6JP,Size: 4 Fl Oz (Pack of 1)
"Reviewed in the United States on March 6, 2022",Megan,yes,-,Does not relieve tattoo pain,"I applied this product as written in directions and as stated in other reviews that used it prior to being tattooed.I applied to my knee (where the tattoo was going), and wrapped it in cling wrap - left that on for about 30 minutes. It just felt like I had put icy-hot on my knee.No difference in pain at all.",1,-,-,https://www.amazon.com/gp/customer-reviews/R3PHO1VW0DS4C1/ref=cm_cr_getr_d_rvw_ttl?ie=UTF8&ASIN=B082WYC6JP,B082WYC6JP,Size: 4 Fl Oz (Pack of 1)
"Reviewed in the United States on December 31, 2021",Concetta Troino,yes,-,Did not numb in the slighted!,"So I tested out the product as you instructed. I put a little bit on a Q-tip, placed it on my nose and on a spot on my face were a Monroe piercing would go, set a timer for 30 minutes and waited. After the alarm went off I poked it with a sewing needle to test out the numbness and it was not numb at all!",1,-,-,https://www.amazon.com/gp/customer-reviews/R1OD8U81S5T7WP/ref=cm_cr_getr_d_rvw_ttl?ie=UTF8&ASIN=B082WYC6JP,B082WYC6JP,Size: 4 Fl Oz (Pack of 1)
"Reviewed in the United States on December 7, 2021",kelly schlesinger,yes,-,Worthless,"Used as directed day before  as trial,NOTHING! Did not numb,did nothing.Used a thick layer the next day,wrapped it,got to my tattoo appointment,unwrapped it and guess what,NOTHING ONCE AGAIN.I wish I had kept the box to get a refund,this is worst piece of crap I have ever bought,since I have so many tattoos and this was in a painful area I hoped it would work‚Ä¶thanks for the ripoff",1,-,-,https://www.amazon.com/gp/customer-reviews/R2MYDAJ8MNB1YP/ref=cm_cr_getr_d_rvw_ttl?ie=UTF8&ASIN=B082WYC6JP,B082WYC6JP,Size: 4 Fl Oz (Pack of 1)
"Reviewed in the United States on August 27, 2021",sonda,yes,-,Be Careful,Having had many tattoos sessions I figure I‚Äôll give it a try not a bit of difference. Major issue with using numbing cream I found out the hard way was it can get in your blood stream and cause major issues I was one of those that had side effects and fainted from it getting in my blood stream. Just be careful and do some research on this and any product that contains Lidocaine.,1,-,-,https://www.amazon.com/gp/customer-reviews/R2YNJI8JCV3WYS/ref=cm_cr_getr_d_rvw_ttl?ie=UTF8&ASIN=B082WYC6JP,B082WYC6JP,Size: 4 Fl Oz (Pack of 1)
"Reviewed in the United States on January 11, 2022",Victoria,yes,-,Doesn‚Äôt work don‚Äôt waste your money,Does not numb at all and scent is unpleasant. If I could give it a 0 I would. Waste of money. I read a lot of the reviews and it was very conflicting but ultimately I learned the hard way the negative reviews were unfortunately correctly. I will be looking into getting a refund,1,-,-,https://www.amazon.com/gp/customer-reviews/R2E45HUQPQ8UB0/ref=cm_cr_getr_d_rvw_ttl?ie=UTF8&ASIN=B082WYC6JP,B082WYC6JP,Size: 4 Fl Oz (Pack of 1)
"Reviewed in the United States on October 1, 2021",Hannah,yes,-,"I'm not a xenophobe, but...","I didn't see ""Made in China"" until after I used it once and went looking for where it was made because it was so utterly ineffective. Nothing against China, but I've seen and read enough about Chinese factories to know that I don't want to put anything made in one of them on my face. Get some Ebanel NUMB520, it's about 520 times better than this.",1,-,-,https://www.amazon.com/gp/customer-reviews/R30V0WH07SO2ZA/ref=cm_cr_getr_d_rvw_ttl?ie=UTF8&ASIN=B082WYC6JP,B082WYC6JP,Size: 4 Fl Oz (Pack of 1)
"Reviewed in the United States on December 18, 2021",Koty,yes,-,Did not numb at all.,I purchased this for my first tattoo because I was nervous about it. Put it on two times to see if it would work and no numbing took place. I even left it on one of my fingers to try and see if maybe it was just the area but it was a waste of money.,1,-,-,https://www.amazon.com/gp/customer-reviews/RNGABZUDJF0G6/ref=cm_cr_getr_d_rvw_ttl?ie=UTF8&ASIN=B082WYC6JP,B082WYC6JP,Size: 4 Fl Oz (Pack of 1)
"Reviewed in the United States on February 18, 2022",Amazon Customer,yes,-,DOES NOT WORK - I put on 2 layers and still felt every poke.,DOES NOT WORK - I put on 2 layers and still felt every poke. Ad claims it's goof for tattoos and it does not numb.  I tried 1 layer the first time and 2 layers the 2nd time.  Might as well not used anything.,1,-,-,https://www.amazon.com/gp/customer-reviews/R216B7865QFAVQ/ref=cm_cr_getr_d_rvw_ttl?ie=UTF8&ASIN=B082WYC6JP,B082WYC6JP,Size: 4 Fl Oz (Pack of 1)
"Reviewed in the United States on January 29, 2022",Jenifer Hoehne,yes,-,Doesn‚Äôt work for esthetics,Used this for microneedling treatments and it didn‚Äôt work at all. My clients felt EVERYTHING. Other 5%? Lidocaine topicals work great- this one absolutely doesn‚Äôt. I purchased this because my regular topical was out of stock and the reviews were decent. Waste of money!,1,-,-,https://www.amazon.com/gp/customer-reviews/R2QNC3MTDTINUX/ref=cm_cr_getr_d_rvw_ttl?ie=UTF8&ASIN=B082WYC6JP,B082WYC6JP,Size: 4 Fl Oz (Pack of 1)
"Reviewed in the United States on January 28, 2022",Idz,yes,-,Did not work at all. üòê,"I tried it to epilate my underarms. Put a lot on (did not rub in), put plastic wrap over it, waited 30 minutes, rinsed, and tried to epilate and did not numb at all. Just feels like a more expensive ICYHOT. Very disappointed.",1,-,-,https://www.amazon.com/gp/customer-reviews/R3298YTJBJZHEK/ref=cm_cr_getr_d_rvw_ttl?ie=UTF8&ASIN=B082WYC6JP,B082WYC6JP,Size: 4 Fl Oz (Pack of 1)
"Reviewed in the United States on January 7, 2022",MaryJo,yes,-,Doesnt work at all,I am starting to plan out my rib tattoo and I want to find a numbing cream to help. I used it on several parts on my body for smaller tats. It did nothing for me. I felt every sting. Waste of money and time.,1,-,-,https://www.amazon.com/gp/customer-reviews/R8NQPE8931JDN/ref=cm_cr_getr_d_rvw_ttl?ie=UTF8&ASIN=B082WYC6JP,B082WYC6JP,Size: 4 Fl Oz (Pack of 1)
"Reviewed in the United States on December 18, 2021",J G.,yes,-,waist of money,Put in my ear to test before piercing my daughters ears it says 20 to 30 minutes I applied every 20 minutes for 2 hours and nothing not even numb it .. feels like just normal cream ‚Ä¶ what a waist of 20 bucks ..,1,-,-,https://www.amazon.com/gp/customer-reviews/RNQKQB3UBIGCS/ref=cm_cr_getr_d_rvw_ttl?ie=UTF8&ASIN=B082WYC6JP,B082WYC6JP,Size: 4 Fl Oz (Pack of 1)
"Reviewed in the United States on April 27, 2022",Rachel,yes,-,This is Anorectal temporary pain relief.,This is NOT tattoo/PMU numbing cream. This is anoRECTAL cream! For the rector&anus. It literally says it on the bottle. I used it on m microshading client and she was in pain the whole time. Waste of money.,1,-,-,https://www.amazon.com/gp/customer-reviews/R3SMO0JV4TWQ4S/ref=cm_cr_getr_d_rvw_ttl?ie=UTF8&ASIN=B082WYC6JP,B082WYC6JP,Size: 4 Fl Oz (Pack of 1)
"Reviewed in the United States on May 16, 2022",EarthenEyes,yes,-,Didn't work for me at all.,"After one use of slathering on heavy and wrapping in saran for over an hour, basically soaked in it, it did not work. Went right into the garbage. Thankfully it was not a big loss.",1,-,-,https://www.amazon.com/gp/customer-reviews/R3KBL07FQVZNS1/ref=cm_cr_getr_d_rvw_ttl?ie=UTF8&ASIN=B082WYC6JP,B082WYC6JP,Size: 4 Fl Oz (Pack of 1)
"Reviewed in the United States on June 6, 2021",Brianna,yes,-,This ain‚Äôt it üòÇ,I am a heavily tatted person. And I don‚Äôt mind the pain. But I got a tattoo in a pretty painful place and I bought this for the pain. It does not work. Doesn‚Äôt take the pain away or even ease it. I read the directions and make sure I applied it correctly as well. I don‚Äôt recommend,1,-,-,https://www.amazon.com/gp/customer-reviews/R3SRAV8L4VKPU4/ref=cm_cr_getr_d_rvw_ttl?ie=UTF8&ASIN=B082WYC6JP,B082WYC6JP,Size: 4 Fl Oz (Pack of 1)
"Reviewed in the United States on April 3, 2022",Ashley,yes,-,Doesn‚Äôt work,I had high hopes for this product. Applied the cream wrapped the area with plastic wrap and let sit for an hour. No numbness detected. I bought this for pain free waxing. I wasted my money.,1,-,-,https://www.amazon.com/gp/customer-reviews/R1JKHGT2EU66JG/ref=cm_cr_getr_d_rvw_ttl?ie=UTF8&ASIN=B082WYC6JP,B082WYC6JP,Size: 4 Fl Oz (Pack of 1)
"Reviewed in the United States on June 7, 2021",Dee,yes,-,Returned!!,"Ive tried numbing creams and this one just didn't suffice. Followed the directions on the product page, which is different from what's on the tube and went in to get my tattoo which i felt every bit of. I guess ill just have to stick to super numb should i need a numbing cream again.",1,-,-,https://www.amazon.com/gp/customer-reviews/R2TG4DGRESKZ4C/ref=cm_cr_getr_d_rvw_ttl?ie=UTF8&ASIN=B082WYC6JP,B082WYC6JP,Size: 4 Fl Oz (Pack of 1)
"Reviewed in the United States on June 24, 2021",kia,yes,-,Terrible product,I purchased this product with the hopes it would numb the area where I got my tattoo. It did not work at all. I followed the instructions and still felt every part of getting the tattoo. I would not recommend this product to anyone. I wish I could get a full refund,1,-,-,https://www.amazon.com/gp/customer-reviews/R2CKLHNFCR7BDI/ref=cm_cr_getr_d_rvw_ttl?ie=UTF8&ASIN=B082WYC6JP,B082WYC6JP,Size: 4 Fl Oz (Pack of 1)
"Reviewed in the United States on May 31, 2022",Vicki Vogt,yes,-,Didn't work for me,Tried it twice on my arm just to see the effectiveness and even covered it with saran wrap. (read that it works better that way)  Didn't numb my skin AT all.,1,-,-,https://www.amazon.com/gp/customer-reviews/R3STHAX7PCZ401/ref=cm_cr_getr_d_rvw_ttl?ie=UTF8&ASIN=B082WYC6JP,B082WYC6JP,Size: 4 Fl Oz (Pack of 1)
"Reviewed in the United States on May 14, 2022",keyaira wise,yes,-,Did not work,It did not work at all i felt everything with my tattoo .Maybe this is just for like regular pain issues but i do not thing its a tattoo numbing cream,1,-,-,https://www.amazon.com/gp/customer-reviews/R3I7L12QPCQ5J1/ref=cm_cr_getr_d_rvw_ttl?ie=UTF8&ASIN=B082WYC6JP,B082WYC6JP,Size: 4 Fl Oz (Pack of 1)
"Reviewed in the United States on May 8, 2022",Amazon Customer,yes,-,It doesn‚Äôt work,I have tattoos over my whole body and wanted to see if it works and it didn‚Äôt. You can still feel the pain trust me. I wouldn‚Äôt give it any stars!!,1,-,-,https://www.amazon.com/gp/customer-reviews/RLZ1IK8BAUJ6G/ref=cm_cr_getr_d_rvw_ttl?ie=UTF8&ASIN=B082WYC6JP,B082WYC6JP,Size: 4 Fl Oz (Pack of 1)
"Reviewed in the United States on April 8, 2022",Nikki,yes,-,Does not numb,This product did not work at all. I have tried it multiple times on different areas of the body. No relief from pain for injuries. And no pain relief for waxing. Very disappointed.,1,-,-,https://www.amazon.com/gp/customer-reviews/R2WSJHPY6XJAJW/ref=cm_cr_getr_d_rvw_ttl?ie=UTF8&ASIN=B082WYC6JP,B082WYC6JP,Size: 4 Fl Oz (Pack of 1)